gisid,kategorie,bez_name,bez_id,pgr_name,pgr_id,bzr_name,bzr_id,plr_name,plr_id
"01100101",2 - Mittel,Mitte,"01",Zentrum,"0110",Tiergarten Süd,"011001",Stülerstraße,"01100101"
"01100102",3 - Erhöht,Mitte,"01",Zentrum,"0110",Tiergarten Süd,"011001",Großer Tiergarten,"01100102"
"01100103",3 - Erhöht,Mitte,"01",Zentrum,"0110",Tiergarten Süd,"011001",Lützowstraße,"01100103"
"01100104",2 - Mittel,Mitte,"01",Zentrum,"0110",Tiergarten Süd,"011001",Körnerstraße,"01100104"
"01100205",2 - Mittel,Mitte,"01",Zentrum,"0110",Regierungsviertel,"011002",Wilhelmstraße,"01100205"
"01100206",4 - Stark erhöht,Mitte,"01",Zentrum,"0110",Regierungsviertel,"011002",Unter den Linden,"01100206"
"01100207",2 - Mittel,Mitte,"01",Zentrum,"0110",Regierungsviertel,"011002",Leipziger Straße,"01100207"
"01100308",2 - Mittel,Mitte,"01",Zentrum,"0110",Alexanderplatz,"011003",Charitéviertel,"01100308"
"01100309",2 - Mittel,Mitte,"01",Zentrum,"0110",Alexanderplatz,"011003",Oranienburger Straße,"01100309"
"01100310",3 - Erhöht,Mitte,"01",Zentrum,"0110",Alexanderplatz,"011003",Alexanderplatzviertel,"01100310"
"01100311",2 - Mittel,Mitte,"01",Zentrum,"0110",Alexanderplatz,"011003",Karl-Marx-Allee,"01100311"
"01100312",2 - Mittel,Mitte,"01",Zentrum,"0110",Alexanderplatz,"011003",Heine-Viertel West,"01100312"
"01100313",2 - Mittel,Mitte,"01",Zentrum,"0110",Alexanderplatz,"011003",Heine-Viertel Ost,"01100313"
"01100414",2 - Mittel,Mitte,"01",Zentrum,"0110",Brunnenstraße Süd,"011004",Nordbahnhof,"01100414"
"01100415",1 - Niedrig,Mitte,"01",Zentrum,"0110",Brunnenstraße Süd,"011004",Invalidenstraße,"01100415"
"01100416",1 - Niedrig,Mitte,"01",Zentrum,"0110",Brunnenstraße Süd,"011004",Arkonaplatz,"01100416"
"01200517",3 - Erhöht,Mitte,"01",Moabit,"0120",Moabit West,"012005",Huttenkiez,"01200517"
"01200518",3 - Erhöht,Mitte,"01",Moabit,"0120",Moabit West,"012005",Beusselkiez,"01200518"
"01200519",2 - Mittel,Mitte,"01",Moabit,"0120",Moabit West,"012005",Emdener Straße,"01200519"
"01200520",2 - Mittel,Mitte,"01",Moabit,"0120",Moabit West,"012005",Bremer Straße,"01200520"
"01200521",3 - Erhöht,Mitte,"01",Moabit,"0120",Moabit West,"012005",Zwinglistraße,"01200521"
"01200522",1 - Niedrig,Mitte,"01",Moabit,"0120",Moabit West,"012005",Elberfelder Straße,"01200522"
"01200623",2 - Mittel,Mitte,"01",Moabit,"0120",Moabit Ost,"012006",Stephankiez,"01200623"
"01200624",2 - Mittel,Mitte,"01",Moabit,"0120",Moabit Ost,"012006",Heidestraße,"01200624"
"01200625",3 - Erhöht,Mitte,"01",Moabit,"0120",Moabit Ost,"012006",Lübecker Straße,"01200625"
"01200626",2 - Mittel,Mitte,"01",Moabit,"0120",Moabit Ost,"012006",Thomasiusstraße,"01200626"
"01200627",2 - Mittel,Mitte,"01",Moabit,"0120",Moabit Ost,"012006",Zillesiedlung,"01200627"
"01200628",3 - Erhöht,Mitte,"01",Moabit,"0120",Moabit Ost,"012006",Lüneburger Straße,"01200628"
"01200629",1 - Niedrig,Mitte,"01",Moabit,"0120",Moabit Ost,"012006",Hansaviertel,"01200629"
"01300730",4 - Stark erhöht,Mitte,"01",Gesundbrunnen,"0130",Osloer Straße,"013007",Drontheimer Straße,"01300730"
"01300731",3 - Erhöht,Mitte,"01",Gesundbrunnen,"0130",Osloer Straße,"013007",Koloniestraße,"01300731"
"01300732",3 - Erhöht,Mitte,"01",Gesundbrunnen,"0130",Osloer Straße,"013007",Soldiner Straße,"01300732"
"01300733",3 - Erhöht,Mitte,"01",Gesundbrunnen,"0130",Osloer Straße,"013007",Gesundbrunnen,"01300733"
"01300834",3 - Erhöht,Mitte,"01",Gesundbrunnen,"0130",Brunnenstr .Nord,"013008",Brunnenstraße,"01300834"
"01300835",2 - Mittel,Mitte,"01",Gesundbrunnen,"0130",Brunnenstr .Nord,"013008",Humboldthain Süd,"01300835"
"01300836",3 - Erhöht,Mitte,"01",Gesundbrunnen,"0130",Brunnenstr .Nord,"013008",Humboldthain Nordwest,"01300836"
"01400937",3 - Erhöht,Mitte,"01",Wedding,"0140",Parkviertel,"014009",Afrikanische Straße,"01400937"
"01400938",2 - Mittel,Mitte,"01",Wedding,"0140",Parkviertel,"014009",Kameruner Straße,"01400938"
"01400939",3 - Erhöht,Mitte,"01",Wedding,"0140",Parkviertel,"014009",Glasgower Straße,"01400939"
"01400940",3 - Erhöht,Mitte,"01",Wedding,"0140",Parkviertel,"014009",Schillerpark,"01400940"
"01400941",2 - Mittel,Mitte,"01",Wedding,"0140",Parkviertel,"014009",Londoner Straße,"01400941"
"01400942",2 - Mittel,Mitte,"01",Wedding,"0140",Parkviertel,"014009",Westliche Müllerstraße,"01400942"
"01401043",2 - Mittel,Mitte,"01",Wedding,"0140",Wedding Zentrum,"014010",Antonstraße,"01401043"
"01401044",4 - Stark erhöht,Mitte,"01",Wedding,"0140",Wedding Zentrum,"014010",Uferstraße,"01401044"
"01401045",4 - Stark erhöht,Mitte,"01",Wedding,"0140",Wedding Zentrum,"014010",Schwedenstraße,"01401045"
"01401046",2 - Mittel,Mitte,"01",Wedding,"0140",Wedding Zentrum,"014010",Nordufer,"01401046"
"01401047",3 - Erhöht,Mitte,"01",Wedding,"0140",Wedding Zentrum,"014010",Sparrplatz,"01401047"
"01401048",4 - Stark erhöht,Mitte,"01",Wedding,"0140",Wedding Zentrum,"014010",Leopoldplatz,"01401048"
"01401049",4 - Stark erhöht,Mitte,"01",Wedding,"0140",Wedding Zentrum,"014010",Schulstraße,"01401049"
"02100101",2 - Mittel,Friedrichshain/Kreuzberg,"02",Kreuzberg Nord,"0210",Südliche Friedrichstadt,"021001",Askanischer Platz,"02100101"
"02100102",3 - Erhöht,Friedrichshain/Kreuzberg,"02",Kreuzberg Nord,"0210",Südliche Friedrichstadt,"021001",Mehringplatz,"02100102"
"02100103",2 - Mittel,Friedrichshain/Kreuzberg,"02",Kreuzberg Nord,"0210",Südliche Friedrichstadt,"021001",Am Berlin Museum,"02100103"
"02100104",2 - Mittel,Friedrichshain/Kreuzberg,"02",Kreuzberg Nord,"0210",Südliche Friedrichstadt,"021001",Moritzplatz,"02100104"
"02100105",2 - Mittel,Friedrichshain/Kreuzberg,"02",Kreuzberg Nord,"0210",Südliche Friedrichstadt,"021001",Prinzenstraße,"02100105"
"02100106",3 - Erhöht,Friedrichshain/Kreuzberg,"02",Kreuzberg Nord,"0210",Südliche Friedrichstadt,"021001",Wassertorplatz,"02100106"
"02200207",2 - Mittel,Friedrichshain/Kreuzberg,"02",Kreuzberg Süd,"0220",Tempelhofer Vorstadt,"022002",Gleisdreieck,"02200207"
"02200208",2 - Mittel,Friedrichshain/Kreuzberg,"02",Kreuzberg Süd,"0220",Tempelhofer Vorstadt,"022002",Rathaus Yorckstraße,"02200208"
"02200209",1 - Niedrig,Friedrichshain/Kreuzberg,"02",Kreuzberg Süd,"0220",Tempelhofer Vorstadt,"022002",Viktoriapark,"02200209"
"02200210",2 - Mittel,Friedrichshain/Kreuzberg,"02",Kreuzberg Süd,"0220",Tempelhofer Vorstadt,"022002",Urbanstraße,"02200210"
"02200211",1 - Niedrig,Friedrichshain/Kreuzberg,"02",Kreuzberg Süd,"0220",Tempelhofer Vorstadt,"022002",Chamissokiez,"02200211"
"02200212",2 - Mittel,Friedrichshain/Kreuzberg,"02",Kreuzberg Süd,"0220",Tempelhofer Vorstadt,"022002",Graefekiez Süd,"02200212"
"02200213",2 - Mittel,Friedrichshain/Kreuzberg,"02",Kreuzberg Süd,"0220",Tempelhofer Vorstadt,"022002",Graefekiez Nord,"02200213"
"02300314",2 - Mittel,Friedrichshain/Kreuzberg,"02",Kreuzberg Ost,"0230",Nördliche Luisenstadt,"023003",Oranienplatz,"02300314"
"02300315",2 - Mittel,Friedrichshain/Kreuzberg,"02",Kreuzberg Ost,"0230",Nördliche Luisenstadt,"023003",Lausitzer Platz,"02300315"
"02300316",2 - Mittel,Friedrichshain/Kreuzberg,"02",Kreuzberg Ost,"0230",Nördliche Luisenstadt,"023003",Köpenicker Straße,"02300316"
"02300417",1 - Niedrig,Friedrichshain/Kreuzberg,"02",Kreuzberg Ost,"0230",Südl. Luisenstadt,"023004",Reichenberger Straße West,"02300417"
"02300418",2 - Mittel,Friedrichshain/Kreuzberg,"02",Kreuzberg Ost,"0230",Südl. Luisenstadt,"023004",Reichenberger Straße Ost,"02300418"
"02300419",1 - Niedrig,Friedrichshain/Kreuzberg,"02",Kreuzberg Ost,"0230",Südl. Luisenstadt,"023004",Wrangelkiez,"02300419"
"02400520",2 - Mittel,Friedrichshain/Kreuzberg,"02",Friedrichshain West,"0240",Karl-Marx-Allee Nord,"024005",Barnimkiez,"02400520"
"02400521",2 - Mittel,Friedrichshain/Kreuzberg,"02",Friedrichshain West,"0240",Karl-Marx-Allee Nord,"024005",Friedenstraße,"02400521"
"02400522",1 - Niedrig,Friedrichshain/Kreuzberg,"02",Friedrichshain West,"0240",Karl-Marx-Allee Nord,"024005",Richard-Sorge-Viertel,"02400522"
"02400623",2 - Mittel,Friedrichshain/Kreuzberg,"02",Friedrichshain West,"0240",Karl-Marx-Allee Süd,"024006",Andreasviertel,"02400623"
"02400624",1 - Niedrig,Friedrichshain/Kreuzberg,"02",Friedrichshain West,"0240",Karl-Marx-Allee Süd,"024006",Weberwiese,"02400624"
"02400625",4 - Stark erhöht,Friedrichshain/Kreuzberg,"02",Friedrichshain West,"0240",Karl-Marx-Allee Süd,"024006",Wriezener Bahnhof,"02400625"
"02500726",2 - Mittel,Friedrichshain/Kreuzberg,"02",Friedrichshain Ost,"0250",Frankf. A. Nord,"025007",Hausburgviertel,"02500726"
"02500727",2 - Mittel,Friedrichshain/Kreuzberg,"02",Friedrichshain Ost,"0250",Frankf. A. Nord,"025007",Forckenbeckplatz,"02500727"
"02500728",1 - Niedrig,Friedrichshain/Kreuzberg,"02",Friedrichshain Ost,"0250",Frankf. A. Nord,"025007",Samariterviertel,"02500728"
"02500729",2 - Mittel,Friedrichshain/Kreuzberg,"02",Friedrichshain Ost,"0250",Frankf. A. Nord,"025007",Pettenkofer Straße,"02500729"
"02500830",1 - Niedrig,Friedrichshain/Kreuzberg,"02",Friedrichshain Ost,"0250",Frankf. Allee Süd FK,"025008",Niederbarnimstraße,"02500830"
"02500831",1 - Niedrig,Friedrichshain/Kreuzberg,"02",Friedrichshain Ost,"0250",Frankf. Allee Süd FK,"025008",Wismarplatz,"02500831"
"02500832",2 - Mittel,Friedrichshain/Kreuzberg,"02",Friedrichshain Ost,"0250",Frankf. Allee Süd FK,"025008",Traveplatz,"02500832"
"02500833",1 - Niedrig,Friedrichshain/Kreuzberg,"02",Friedrichshain Ost,"0250",Frankf. Allee Süd FK,"025008",Boxhagener Platz,"02500833"
"02500834",1 - Niedrig,Friedrichshain/Kreuzberg,"02",Friedrichshain Ost,"0250",Frankf. Allee Süd FK,"025008",Revaler Straße,"02500834"
"02500835",2 - Mittel,Friedrichshain/Kreuzberg,"02",Friedrichshain Ost,"0250",Frankf. Allee Süd FK,"025008",Stralauer Kiez,"02500835"
"02500836",1 - Niedrig,Friedrichshain/Kreuzberg,"02",Friedrichshain Ost,"0250",Frankf. Allee Süd FK,"025008",Stralauer Halbinsel,"02500836"
"03100101",2 - Mittel,Pankow,"03",Buch,"0310",Buch,"031001",Bucher Forst,"03100101"
"03100102",2 - Mittel,Pankow,"03",Buch,"0310",Buch,"031001",Klinikum Buch,"03100102"
"03100103",3 - Erhöht,Pankow,"03",Buch,"0310",Buch,"031001",Karower Chaussee,"03100103"
"03200204",2 - Mittel,Pankow,"03",Nördliches Pankow,"0320",Blankenfelde/Niederschönhausen,"032002",Blankenfelde,"03200204"
"03200205",1 - Niedrig,Pankow,"03",Nördliches Pankow,"0320",Blankenfelde/Niederschönhausen,"032002",Uhlandstraße,"03200205"
"03200206",1 - Niedrig,Pankow,"03",Nördliches Pankow,"0320",Blankenfelde/Niederschönhausen,"032002",Pastor-Niemöller-Platz,"03200206"
"03200207",1 - Niedrig,Pankow,"03",Nördliches Pankow,"0320",Blankenfelde/Niederschönhausen,"032002",Herthaplatz,"03200207"
"03200308",1 - Niedrig,Pankow,"03",Nördliches Pankow,"0320",Buchholz,"032003",Nisbléstraße,"03200308"
"03200309",1 - Niedrig,Pankow,"03",Nördliches Pankow,"0320",Buchholz,"032003",Eddastraße,"03200309"
"03200310",1 - Niedrig,Pankow,"03",Nördliches Pankow,"0320",Buchholz,"032003",Krugpfuhl,"03200310"
"03300411",2 - Mittel,Pankow,"03",Nördliches Weißensee,"0330",Karow,"033004",Karow Nord,"03300411"
"03300412",1 - Niedrig,Pankow,"03",Nördliches Weißensee,"0330",Karow,"033004",Karow Bahnhof,"03300412"
"03300413",1 - Niedrig,Pankow,"03",Nördliches Weißensee,"0330",Karow,"033004",Karow Ost,"03300413"
"03300514",1 - Niedrig,Pankow,"03",Nördliches Weißensee,"0330",Blankenburg/Heinersdorf/Märchenland,"033005",Blankenburg,"03300514"
"03300515",0 - Weitgehend unbewohnte Fläche,Pankow,"03",Nördliches Weißensee,"0330",Blankenburg/Heinersdorf/Märchenland,"033005",Blankenburger Süden,"03300515"
"03300516",2 - Mittel,Pankow,"03",Nördliches Weißensee,"0330",Blankenburg/Heinersdorf/Märchenland,"033005",Heinersdorf,"03300516"
"03300517",2 - Mittel,Pankow,"03",Nördliches Weißensee,"0330",Blankenburg/Heinersdorf/Märchenland,"033005",Märchenland,"03300517"
"03400618",1 - Niedrig,Pankow,"03",Südliches Pankow,"0340",Schönholz/Wilhelmsruh/Rosenthal,"034006",Rosenthal,"03400618"
"03400619",2 - Mittel,Pankow,"03",Südliches Pankow,"0340",Schönholz/Wilhelmsruh/Rosenthal,"034006",Wilhelmsruh,"03400619"
"03400620",1 - Niedrig,Pankow,"03",Südliches Pankow,"0340",Schönholz/Wilhelmsruh/Rosenthal,"034006",Schönholz,"03400620"
"03400721",1 - Niedrig,Pankow,"03",Südliches Pankow,"0340",Pankow Zentrum,"034007",Florakiez,"03400721"
"03400722",1 - Niedrig,Pankow,"03",Südliches Pankow,"0340",Pankow Zentrum,"034007",Parkstraße,"03400722"
"03400723",2 - Mittel,Pankow,"03",Südliches Pankow,"0340",Pankow Zentrum,"034007",Garbátyplatz,"03400723"
"03400724",1 - Niedrig,Pankow,"03",Südliches Pankow,"0340",Pankow Zentrum,"034007",Wolfshagener Straße,"03400724"
"03400725",2 - Mittel,Pankow,"03",Südliches Pankow,"0340",Pankow Zentrum,"034007",Schlosspark,"03400725"
"03400826",2 - Mittel,Pankow,"03",Südliches Pankow,"0340",Pankow Süd,"034008",Tiroler Viertel,"03400826"
"03400827",1 - Niedrig,Pankow,"03",Südliches Pankow,"0340",Pankow Süd,"034008",Trelleborger Viertel,"03400827"
"03400828",1 - Niedrig,Pankow,"03",Südliches Pankow,"0340",Pankow Süd,"034008",Spiekermann Straße,"03400828"
"03400829",1 - Niedrig,Pankow,"03",Südliches Pankow,"0340",Pankow Süd,"034008",Arnold-Zweig-Straße,"03400829"
"03400830",2 - Mittel,Pankow,"03",Südliches Pankow,"0340",Pankow Süd,"034008",Kissingenviertel,"03400830"
"03400831",0 - Weitgehend unbewohnte Fläche,Pankow,"03",Südliches Pankow,"0340",Pankow Süd,"034008",Pankower Tor,"03400831"
"03500932",2 - Mittel,Pankow,"03",Südliches Weißensee,"0350",Weißensee,"035009",Bühringstraße,"03500932"
"03500933",2 - Mittel,Pankow,"03",Südliches Weißensee,"0350",Weißensee,"035009",Weißer See,"03500933"
"03500934",2 - Mittel,Pankow,"03",Südliches Weißensee,"0350",Weißensee,"035009",Weißenseer Spitze,"03500934"
"03500935",2 - Mittel,Pankow,"03",Südliches Weißensee,"0350",Weißensee,"035009",Behaimstraße,"03500935"
"03500936",1 - Niedrig,Pankow,"03",Südliches Weißensee,"0350",Weißensee,"035009",Komponistenviertel Weißensee,"03500936"
"03501037",2 - Mittel,Pankow,"03",Südliches Weißensee,"0350",Weißensee Ost,"035010",Rathaus Weißensee,"03501037"
"03501038",2 - Mittel,Pankow,"03",Südliches Weißensee,"0350",Weißensee Ost,"035010",Hansastraße,"03501038"
"03601139",2 - Mittel,Pankow,"03",Nördlicher Prenzlauer Berg,"0360",Prenzlauer Berg Nordwest,"036011",Norweger Viertel,"03601139"
"03601140",1 - Niedrig,Pankow,"03",Nördlicher Prenzlauer Berg,"0360",Prenzlauer Berg Nordwest,"036011",Malmöer Straße,"03601140"
"03601141",1 - Niedrig,Pankow,"03",Nördlicher Prenzlauer Berg,"0360",Prenzlauer Berg Nordwest,"036011",Arnimplatz,"03601141"
"03601142",1 - Niedrig,Pankow,"03",Nördlicher Prenzlauer Berg,"0360",Prenzlauer Berg Nordwest,"036011",Falkplatz,"03601142"
"03601243",2 - Mittel,Pankow,"03",Nördlicher Prenzlauer Berg,"0360",Prenzlauer Berg Nord,"036012",Rodenbergstraße,"03601243"
"03601244",1 - Niedrig,Pankow,"03",Nördlicher Prenzlauer Berg,"0360",Prenzlauer Berg Nord,"036012",Humannplatz,"03601244"
"03601245",1 - Niedrig,Pankow,"03",Nördlicher Prenzlauer Berg,"0360",Prenzlauer Berg Nord,"036012",Ostseestraße,"03601245"
"03601346",1 - Niedrig,Pankow,"03",Nördlicher Prenzlauer Berg,"0360",Helmholtzpl.,"036013",Gethsemanekirche,"03601346"
"03601347",1 - Niedrig,Pankow,"03",Nördlicher Prenzlauer Berg,"0360",Helmholtzpl.,"036013",Helmholtzplatz,"03601347"
"03601348",2 - Mittel,Pankow,"03",Nördlicher Prenzlauer Berg,"0360",Helmholtzpl.,"036013",Senefelderstraße,"03601348"
"03601449",2 - Mittel,Pankow,"03",Nördlicher Prenzlauer Berg,"0360",Prenzlauer Berg Ost,"036014",Michelangelostraße,"03601449"
"03601450",3 - Erhöht,Pankow,"03",Nördlicher Prenzlauer Berg,"0360",Prenzlauer Berg Ost,"036014",Volkspark Prenzlauer Berg,"03601450"
"03601451",1 - Niedrig,Pankow,"03",Nördlicher Prenzlauer Berg,"0360",Prenzlauer Berg Ost,"036014",Anton-Saefkow-Park,"03601451"
"03601452",2 - Mittel,Pankow,"03",Nördlicher Prenzlauer Berg,"0360",Prenzlauer Berg Ost,"036014",Velodrom,"03601452"
"03601453",1 - Niedrig,Pankow,"03",Nördlicher Prenzlauer Berg,"0360",Prenzlauer Berg Ost,"036014",Alter Schlachthof,"03601453"
"03701554",1 - Niedrig,Pankow,"03",Südl. Prenzl. Berg,"0370",Prenzl. Berg Südwest,"037015",Teutoburger Platz,"03701554"
"03701555",1 - Niedrig,Pankow,"03",Südl. Prenzl. Berg,"0370",Prenzl. Berg Südwest,"037015",Sredzkistraße,"03701555"
"03701556",1 - Niedrig,Pankow,"03",Südl. Prenzl. Berg,"0370",Prenzl. Berg Südwest,"037015",Kollwitzplatz,"03701556"
"03701657",2 - Mittel,Pankow,"03",Südl. Prenzl. Berg,"0370",Prenzl. Berg Süd,"037016",Thälmannpark,"03701657"
"03701658",1 - Niedrig,Pankow,"03",Südl. Prenzl. Berg,"0370",Prenzl. Berg Süd,"037016",Christburger Straße,"03701658"
"03701659",2 - Mittel,Pankow,"03",Südl. Prenzl. Berg,"0370",Prenzl. Berg Süd,"037016",Immanuelkirchstraße,"03701659"
"03701660",1 - Niedrig,Pankow,"03",Südl. Prenzl. Berg,"0370",Prenzl. Berg Süd,"037016",Bötzowstraße,"03701660"
"04100101",3 - Erhöht,Charlottenburg/Wilmersdorf,"04",Charlottenburg Nord,"0410",Charlottenburg Nord,"041001",Jungfernheide/Plötzensee,"04100101"
"04100102",3 - Erhöht,Charlottenburg/Wilmersdorf,"04",Charlottenburg Nord,"0410",Charlottenburg Nord,"041001",Paul-Hertz-Siedlung,"04100102"
"04200203",1 - Niedrig,Charlottenburg/Wilmersdorf,"04",Charlottenburg West,"0420",Heerstraße,"042002",Olympiagelände,"04200203"
"04200204",2 - Mittel,Charlottenburg/Wilmersdorf,"04",Charlottenburg West,"0420",Heerstraße,"042002",Angerburger Allee,"04200204"
"04200205",1 - Niedrig,Charlottenburg/Wilmersdorf,"04",Charlottenburg West,"0420",Heerstraße,"042002",Flatowallee,"04200205"
"04200206",1 - Niedrig,Charlottenburg/Wilmersdorf,"04",Charlottenburg West,"0420",Heerstraße,"042002",Kranzallee,"04200206"
"04200207",1 - Niedrig,Charlottenburg/Wilmersdorf,"04",Charlottenburg West,"0420",Heerstraße,"042002",Eichkamp,"04200207"
"04200308",2 - Mittel,Charlottenburg/Wilmersdorf,"04",Charlottenburg West,"0420",Westend,"042003",Branitzer Platz,"04200308"
"04200309",1 - Niedrig,Charlottenburg/Wilmersdorf,"04",Charlottenburg West,"0420",Westend,"042003",Neu Westend,"04200309"
"04200310",1 - Niedrig,Charlottenburg/Wilmersdorf,"04",Charlottenburg West,"0420",Westend,"042003",Fürstenplatz,"04200310"
"04200311",2 - Mittel,Charlottenburg/Wilmersdorf,"04",Charlottenburg West,"0420",Westend,"042003",Königin-Elisabeth-Straße,"04200311"
"04300412",2 - Mittel,Charlottenburg/Wilmersdorf,"04",Charlottenburg Zentrum,"0430",Schloss Charlottenburg,"043004",Schlossgarten,"04300412"
"04300413",3 - Erhöht,Charlottenburg/Wilmersdorf,"04",Charlottenburg Zentrum,"0430",Schloss Charlottenburg,"043004",Klausenerplatz,"04300413"
"04300414",1 - Niedrig,Charlottenburg/Wilmersdorf,"04",Charlottenburg Zentrum,"0430",Schloss Charlottenburg,"043004",Schloßstraße,"04300414"
"04300415",1 - Niedrig,Charlottenburg/Wilmersdorf,"04",Charlottenburg Zentrum,"0430",Schloss Charlottenburg,"043004",Lietzensee,"04300415"
"04300416",2 - Mittel,Charlottenburg/Wilmersdorf,"04",Charlottenburg Zentrum,"0430",Schloss Charlottenburg,"043004",Amtsgerichtsplatz,"04300416"
"04300517",2 - Mittel,Charlottenburg/Wilmersdorf,"04",Charlottenburg Zentrum,"0430",Mierendorffplatz,"043005",Tegeler Weg,"04300517"
"04300518",2 - Mittel,Charlottenburg/Wilmersdorf,"04",Charlottenburg Zentrum,"0430",Mierendorffplatz,"043005",Kaiserin-Augusta-Allee,"04300518"
"04300619",2 - Mittel,Charlottenburg/Wilmersdorf,"04",Charlottenburg Zentrum,"0430",Otto-Suhr-Allee/Kantstraße,"043006",Alt-Lietzow,"04300619"
"04300620",2 - Mittel,Charlottenburg/Wilmersdorf,"04",Charlottenburg Zentrum,"0430",Otto-Suhr-Allee/Kantstraße,"043006",Spreestadt,"04300620"
"04300621",2 - Mittel,Charlottenburg/Wilmersdorf,"04",Charlottenburg Zentrum,"0430",Otto-Suhr-Allee/Kantstraße,"043006",Richard-Wagner-Straße,"04300621"
"04300622",3 - Erhöht,Charlottenburg/Wilmersdorf,"04",Charlottenburg Zentrum,"0430",Otto-Suhr-Allee/Kantstraße,"043006",Ernst-Reuter-Platz,"04300622"
"04300623",2 - Mittel,Charlottenburg/Wilmersdorf,"04",Charlottenburg Zentrum,"0430",Otto-Suhr-Allee/Kantstraße,"043006",Karl-August-Platz,"04300623"
"04300624",2 - Mittel,Charlottenburg/Wilmersdorf,"04",Charlottenburg Zentrum,"0430",Otto-Suhr-Allee/Kantstraße,"043006",Savignyplatz,"04300624"
"04400725",0 - Weitgehend unbewohnte Fläche,Charlottenburg/Wilmersdorf,"04",Wilmersdorf Süd,"0440",Grunewald,"044007",Güterbahnhof Grunewald,"04400725"
"04400726",2 - Mittel,Charlottenburg/Wilmersdorf,"04",Wilmersdorf Süd,"0440",Grunewald,"044007",Bismarckallee,"04400726"
"04400727",2 - Mittel,Charlottenburg/Wilmersdorf,"04",Wilmersdorf Süd,"0440",Grunewald,"044007",Flinsberger Platz,"04400727"
"04400728",2 - Mittel,Charlottenburg/Wilmersdorf,"04",Wilmersdorf Süd,"0440",Grunewald,"044007",Hagenplatz,"04400728"
"04400729",2 - Mittel,Charlottenburg/Wilmersdorf,"04",Wilmersdorf Süd,"0440",Grunewald,"044007",Hundekehle,"04400729"
"04400830",2 - Mittel,Charlottenburg/Wilmersdorf,"04",Wilmersdorf Süd,"0440",Schmargendorf,"044008",Forckenbeckstraße,"04400830"
"04400831",2 - Mittel,Charlottenburg/Wilmersdorf,"04",Wilmersdorf Süd,"0440",Schmargendorf,"044008",Messelpark,"04400831"
"04400832",1 - Niedrig,Charlottenburg/Wilmersdorf,"04",Wilmersdorf Süd,"0440",Schmargendorf,"044008",Breite Straße,"04400832"
"04400833",2 - Mittel,Charlottenburg/Wilmersdorf,"04",Wilmersdorf Süd,"0440",Schmargendorf,"044008",Schlangenbader Straße,"04400833"
"04400834",2 - Mittel,Charlottenburg/Wilmersdorf,"04",Wilmersdorf Süd,"0440",Schmargendorf,"044008",Binger Straße,"04400834"
"04400835",2 - Mittel,Charlottenburg/Wilmersdorf,"04",Wilmersdorf Süd,"0440",Schmargendorf,"044008",Rüdesheimer Platz,"04400835"
"04500936",2 - Mittel,Charlottenburg/Wilmersdorf,"04",Wilmersdorf Zentrum,"0450",Halensee,"045009",Droysenstraße,"04500936"
"04500937",2 - Mittel,Charlottenburg/Wilmersdorf,"04",Wilmersdorf Zentrum,"0450",Halensee,"045009",Halensee,"04500937"
"04500938",2 - Mittel,Charlottenburg/Wilmersdorf,"04",Wilmersdorf Zentrum,"0450",Halensee,"045009",Hochmeisterplatz,"04500938"
"04500939",2 - Mittel,Charlottenburg/Wilmersdorf,"04",Wilmersdorf Zentrum,"0450",Halensee,"045009",Eisenzahnstraße,"04500939"
"04501040",1 - Niedrig,Charlottenburg/Wilmersdorf,"04",Wilmersdorf Zentrum,"0450",Lietzenburger Str.,"045010",Hindemithplatz,"04501040"
"04501041",2 - Mittel,Charlottenburg/Wilmersdorf,"04",Wilmersdorf Zentrum,"0450",Lietzenburger Str.,"045010",George-Grosz-Platz,"04501041"
"04501042",4 - Stark erhöht,Charlottenburg/Wilmersdorf,"04",Wilmersdorf Zentrum,"0450",Lietzenburger Str.,"045010",Breitscheidplatz,"04501042"
"04501043",2 - Mittel,Charlottenburg/Wilmersdorf,"04",Wilmersdorf Zentrum,"0450",Lietzenburger Str.,"045010",Preußenpark,"04501043"
"04501044",2 - Mittel,Charlottenburg/Wilmersdorf,"04",Wilmersdorf Zentrum,"0450",Lietzenburger Str.,"045010",Ludwigkirchplatz,"04501044"
"04501045",2 - Mittel,Charlottenburg/Wilmersdorf,"04",Wilmersdorf Zentrum,"0450",Lietzenburger Str.,"045010",Schaperstraße,"04501045"
"04501146",2 - Mittel,Charlottenburg/Wilmersdorf,"04",Wilmersdorf Zentrum,"0450",Volkspark Wilmersdorf,"045011",Barstraße,"04501146"
"04501147",2 - Mittel,Charlottenburg/Wilmersdorf,"04",Wilmersdorf Zentrum,"0450",Volkspark Wilmersdorf,"045011",Leon-Jessel-Platz,"04501147"
"04501148",2 - Mittel,Charlottenburg/Wilmersdorf,"04",Wilmersdorf Zentrum,"0450",Volkspark Wilmersdorf,"045011",Brabanter Platz,"04501148"
"04501149",2 - Mittel,Charlottenburg/Wilmersdorf,"04",Wilmersdorf Zentrum,"0450",Volkspark Wilmersdorf,"045011",Nikolsburger Platz,"04501149"
"04501150",2 - Mittel,Charlottenburg/Wilmersdorf,"04",Wilmersdorf Zentrum,"0450",Volkspark Wilmersdorf,"045011",Wilhelmsaue,"04501150"
"04501151",1 - Niedrig,Charlottenburg/Wilmersdorf,"04",Wilmersdorf Zentrum,"0450",Volkspark Wilmersdorf,"045011",Hildegardstraße,"04501151"
"04501152",2 - Mittel,Charlottenburg/Wilmersdorf,"04",Wilmersdorf Zentrum,"0450",Volkspark Wilmersdorf,"045011",Prager Platz,"04501152"
"04501153",1 - Niedrig,Charlottenburg/Wilmersdorf,"04",Wilmersdorf Zentrum,"0450",Volkspark Wilmersdorf,"045011",Babelsberger Straße,"04501153"
"05100101",2 - Mittel,Spandau,"05",Spandau Mitte/Nord,"0510",Hakenfelde,"051001",Hakenfelde Nord,"05100101"
"05100102",2 - Mittel,Spandau,"05",Spandau Mitte/Nord,"0510",Hakenfelde,"051001",Am Forstacker,"05100102"
"05100103",3 - Erhöht,Spandau,"05",Spandau Mitte/Nord,"0510",Hakenfelde,"051001",Mertensstraße,"05100103"
"05100104",2 - Mittel,Spandau,"05",Spandau Mitte/Nord,"0510",Hakenfelde,"051001",Maselake,"05100104"
"05100105",1 - Niedrig,Spandau,"05",Spandau Mitte/Nord,"0510",Hakenfelde,"051001",Amorbacher Weg,"05100105"
"05100206",3 - Erhöht,Spandau,"05",Spandau Mitte/Nord,"0510",Falkenhagener Feld,"051002",Griesingerstraße,"05100206"
"05100207",2 - Mittel,Spandau,"05",Spandau Mitte/Nord,"0510",Falkenhagener Feld,"051002",An der Tränke,"05100207"
"05100208",3 - Erhöht,Spandau,"05",Spandau Mitte/Nord,"0510",Falkenhagener Feld,"051002",Im Spektefeld,"05100208"
"05100209",3 - Erhöht,Spandau,"05",Spandau Mitte/Nord,"0510",Falkenhagener Feld,"051002",Westerwaldstraße,"05100209"
"05100210",4 - Stark erhöht,Spandau,"05",Spandau Mitte/Nord,"0510",Falkenhagener Feld,"051002",Germersheimer Platz,"05100210"
"05100211",2 - Mittel,Spandau,"05",Spandau Mitte/Nord,"0510",Falkenhagener Feld,"051002",An der Kappe,"05100211"
"05100312",3 - Erhöht,Spandau,"05",Spandau Mitte/Nord,"0510",Spandau Mitte,"051003",Eckschanze,"05100312"
"05100313",3 - Erhöht,Spandau,"05",Spandau Mitte/Nord,"0510",Spandau Mitte,"051003",Eiswerder,"05100313"
"05100314",4 - Stark erhöht,Spandau,"05",Spandau Mitte/Nord,"0510",Spandau Mitte,"051003",Kurstraße,"05100314"
"05100315",4 - Stark erhöht,Spandau,"05",Spandau Mitte/Nord,"0510",Spandau Mitte,"051003",Ackerstraße,"05100315"
"05100316",3 - Erhöht,Spandau,"05",Spandau Mitte/Nord,"0510",Spandau Mitte,"051003",Carl-Schurz-Straße,"05100316"
"05100317",2 - Mittel,Spandau,"05",Spandau Mitte/Nord,"0510",Spandau Mitte,"051003",Freiheit,"05100317"
"05200418",1 - Niedrig,Spandau,"05",Wilhelmstadt/Staaken,"0520",Brunsbütteler Damm,"052004",Isenburger Weg,"05200418"
"05200419",2 - Mittel,Spandau,"05",Wilhelmstadt/Staaken,"0520",Brunsbütteler Damm,"052004",Am Heideberg,"05200419"
"05200420",2 - Mittel,Spandau,"05",Wilhelmstadt/Staaken,"0520",Brunsbütteler Damm,"052004",Staakener Straße,"05200420"
"05200421",2 - Mittel,Spandau,"05",Wilhelmstadt/Staaken,"0520",Brunsbütteler Damm,"052004",Spandauer Straße,"05200421"
"05200422",3 - Erhöht,Spandau,"05",Wilhelmstadt/Staaken,"0520",Brunsbütteler Damm,"052004",Werkstraße,"05200422"
"05200423",2 - Mittel,Spandau,"05",Wilhelmstadt/Staaken,"0520",Brunsbütteler Damm,"052004",Magistratsweg,"05200423"
"05200524",2 - Mittel,Spandau,"05",Wilhelmstadt/Staaken,"0520",Heerstraße,"052005",Döberitzer Weg,"05200524"
"05200525",1 - Niedrig,Spandau,"05",Wilhelmstadt/Staaken,"0520",Heerstraße,"052005",Pillnitzer Weg,"05200525"
"05200526",3 - Erhöht,Spandau,"05",Wilhelmstadt/Staaken,"0520",Heerstraße,"052005",Rudolf-Wissell-Großsiedlung,"05200526"
"05200527",4 - Stark erhöht,Spandau,"05",Wilhelmstadt/Staaken,"0520",Heerstraße,"052005",Maulbeerallee,"05200527"
"05200528",2 - Mittel,Spandau,"05",Wilhelmstadt/Staaken,"0520",Heerstraße,"052005",Weinmeisterhornweg,"05200528"
"05200629",3 - Erhöht,Spandau,"05",Wilhelmstadt/Staaken,"0520",Wilhelmstadt,"052006",Borkumer Straße,"05200629"
"05200630",3 - Erhöht,Spandau,"05",Wilhelmstadt/Staaken,"0520",Wilhelmstadt,"052006",Wilhelmstadt West,"05200630"
"05200631",3 - Erhöht,Spandau,"05",Wilhelmstadt/Staaken,"0520",Wilhelmstadt,"052006",Wilhelmstadt Ost,"05200631"
"05200632",3 - Erhöht,Spandau,"05",Wilhelmstadt/Staaken,"0520",Wilhelmstadt,"052006",Tiefwerder,"05200632"
"05200633",3 - Erhöht,Spandau,"05",Wilhelmstadt/Staaken,"0520",Wilhelmstadt,"052006",Graetschelsteig,"05200633"
"05200634",1 - Niedrig,Spandau,"05",Wilhelmstadt/Staaken,"0520",Wilhelmstadt,"052006",Börnicker Straße,"05200634"
"05300735",2 - Mittel,Spandau,"05",Haselhorst/Siemensstadt,"0530",Haselhorst,"053007",Haveleck,"05300735"
"05300736",3 - Erhöht,Spandau,"05",Haselhorst/Siemensstadt,"0530",Haselhorst,"053007",Zitadellenweg,"05300736"
"05300737",3 - Erhöht,Spandau,"05",Haselhorst/Siemensstadt,"0530",Haselhorst,"053007",Gartenfelder Straße,"05300737"
"05300838",0 - Weitgehend unbewohnte Fläche,Spandau,"05",Haselhorst/Siemensstadt,"0530",Siemensstadt,"053008",Gartenfeld,"05300838"
"05300839",2 - Mittel,Spandau,"05",Haselhorst/Siemensstadt,"0530",Siemensstadt,"053008",Rohrdamm,"05300839"
"05300840",0 - Weitgehend unbewohnte Fläche,Spandau,"05",Haselhorst/Siemensstadt,"0530",Siemensstadt,"053008",Nonnendammallee,"05300840"
"05300841",2 - Mittel,Spandau,"05",Haselhorst/Siemensstadt,"0530",Siemensstadt,"053008",Siemensdamm,"05300841"
"05400942",1 - Niedrig,Spandau,"05",Gatow/Kladow,"0540",Gatow/Kladow,"054009",Alt-Gatow,"05400942"
"05400943",1 - Niedrig,Spandau,"05",Gatow/Kladow,"0540",Gatow/Kladow,"054009",Jägerallee,"05400943"
"05400944",1 - Niedrig,Spandau,"05",Gatow/Kladow,"0540",Gatow/Kladow,"054009",Kladower Damm,"05400944"
"05400945",1 - Niedrig,Spandau,"05",Gatow/Kladow,"0540",Gatow/Kladow,"054009",Kafkastraße,"05400945"
"06100101",1 - Niedrig,Steglitz/Zehlendorf,"06",Steglitz,"0610",Schloßstr.,"061001",Fichtenberg,"06100101"
"06100102",1 - Niedrig,Steglitz/Zehlendorf,"06",Steglitz,"0610",Schloßstr.,"061001",Schloßstraße,"06100102"
"06100103",1 - Niedrig,Steglitz/Zehlendorf,"06",Steglitz,"0610",Schloßstr.,"061001",Markelstraße,"06100103"
"06100204",1 - Niedrig,Steglitz/Zehlendorf,"06",Steglitz,"0610",Albrechtstr.,"061002",Munsterdamm,"06100204"
"06100205",2 - Mittel,Steglitz/Zehlendorf,"06",Steglitz,"0610",Albrechtstr.,"061002",Südende,"06100205"
"06100206",1 - Niedrig,Steglitz/Zehlendorf,"06",Steglitz,"0610",Albrechtstr.,"061002",Stadtpark,"06100206"
"06100207",1 - Niedrig,Steglitz/Zehlendorf,"06",Steglitz,"0610",Albrechtstr.,"061002",Mittelstraße,"06100207"
"06100208",2 - Mittel,Steglitz/Zehlendorf,"06",Steglitz,"0610",Albrechtstr.,"061002",Bergstraße,"06100208"
"06100209",1 - Niedrig,Steglitz/Zehlendorf,"06",Steglitz,"0610",Albrechtstr.,"061002",Feuerbachstraße,"06100209"
"06100210",2 - Mittel,Steglitz/Zehlendorf,"06",Steglitz,"0610",Albrechtstr.,"061002",Bismarckstraße,"06100210"
"06200311",1 - Niedrig,Steglitz/Zehlendorf,"06",Lankwitz/Lichterfelde Ost,"0620",Lankwitz,"062003",Alt-Lankwitz,"06200311"
"06200312",2 - Mittel,Steglitz/Zehlendorf,"06",Lankwitz/Lichterfelde Ost,"0620",Lankwitz,"062003",Komponistenviertel Lankwitz,"06200312"
"06200313",2 - Mittel,Steglitz/Zehlendorf,"06",Lankwitz/Lichterfelde Ost,"0620",Lankwitz,"062003",Lankwitz Kirche,"06200313"
"06200314",2 - Mittel,Steglitz/Zehlendorf,"06",Lankwitz/Lichterfelde Ost,"0620",Lankwitz,"062003",Kaiser-Wilhelm-Straße,"06200314"
"06200315",2 - Mittel,Steglitz/Zehlendorf,"06",Lankwitz/Lichterfelde Ost,"0620",Lankwitz,"062003",Gallwitzallee,"06200315"
"06200316",3 - Erhöht,Steglitz/Zehlendorf,"06",Lankwitz/Lichterfelde Ost,"0620",Lankwitz,"062003",Belßstraße,"06200316"
"06200317",1 - Niedrig,Steglitz/Zehlendorf,"06",Lankwitz/Lichterfelde Ost,"0620",Lankwitz,"062003",Lankwitz Süd,"06200317"
"06200418",0 - Weitgehend unbewohnte Fläche,Steglitz/Zehlendorf,"06",Lankwitz/Lichterfelde Ost,"0620",Ostpreußendamm,"062004",Landweg,"06200418"
"06200419",2 - Mittel,Steglitz/Zehlendorf,"06",Lankwitz/Lichterfelde Ost,"0620",Ostpreußendamm,"062004",Thermometersiedlung,"06200419"
"06200420",2 - Mittel,Steglitz/Zehlendorf,"06",Lankwitz/Lichterfelde Ost,"0620",Ostpreußendamm,"062004",Lichterfelde Süd,"06200420"
"06200421",2 - Mittel,Steglitz/Zehlendorf,"06",Lankwitz/Lichterfelde Ost,"0620",Ostpreußendamm,"062004",Königsberger Straße,"06200421"
"06200422",1 - Niedrig,Steglitz/Zehlendorf,"06",Lankwitz/Lichterfelde Ost,"0620",Ostpreußendamm,"062004",Oberhofer Platz,"06200422"
"06200423",2 - Mittel,Steglitz/Zehlendorf,"06",Lankwitz/Lichterfelde Ost,"0620",Ostpreußendamm,"062004",Schütte-Lanz-Straße,"06200423"
"06300524",1 - Niedrig,Steglitz/Zehlendorf,"06",Zehlendorf Süd/Lichterfelde West,"0630",Teltower Damm,"063005",Berlepschstraße,"06300524"
"06300525",1 - Niedrig,Steglitz/Zehlendorf,"06",Zehlendorf Süd/Lichterfelde West,"0630",Teltower Damm,"063005",Zehlendorf Süd,"06300525"
"06300526",2 - Mittel,Steglitz/Zehlendorf,"06",Zehlendorf Süd/Lichterfelde West,"0630",Teltower Damm,"063005",Zehlendorf Mitte,"06300526"
"06300527",1 - Niedrig,Steglitz/Zehlendorf,"06",Zehlendorf Süd/Lichterfelde West,"0630",Teltower Damm,"063005",Sundgauer Straße,"06300527"
"06300528",1 - Niedrig,Steglitz/Zehlendorf,"06",Zehlendorf Süd/Lichterfelde West,"0630",Teltower Damm,"063005",Teltower Damm,"06300528"
"06300629",1 - Niedrig,Steglitz/Zehlendorf,"06",Zehlendorf Süd/Lichterfelde West,"0630",Drakestraße,"063006",Botanischer Garten,"06300629"
"06300630",2 - Mittel,Steglitz/Zehlendorf,"06",Zehlendorf Süd/Lichterfelde West,"0630",Drakestraße,"063006",Hindenburgdamm,"06300630"
"06300631",2 - Mittel,Steglitz/Zehlendorf,"06",Zehlendorf Süd/Lichterfelde West,"0630",Drakestraße,"063006",Goerzwerke,"06300631"
"06300632",1 - Niedrig,Steglitz/Zehlendorf,"06",Zehlendorf Süd/Lichterfelde West,"0630",Drakestraße,"063006",Schweizer Viertel,"06300632"
"06300633",1 - Niedrig,Steglitz/Zehlendorf,"06",Zehlendorf Süd/Lichterfelde West,"0630",Drakestraße,"063006",Augustaplatz,"06300633"
"06300634",1 - Niedrig,Steglitz/Zehlendorf,"06",Zehlendorf Süd/Lichterfelde West,"0630",Drakestraße,"063006",Lichterfelde West,"06300634"
"06400735",1 - Niedrig,Steglitz/Zehlendorf,"06",Zehlendorf Nord/Wannsee,"0640",Zehlendorf Südwest,"064007",Wannsee,"06400735"
"06400736",1 - Niedrig,Steglitz/Zehlendorf,"06",Zehlendorf Nord/Wannsee,"0640",Zehlendorf Südwest,"064007",Düppel,"06400736"
"06400737",1 - Niedrig,Steglitz/Zehlendorf,"06",Zehlendorf Nord/Wannsee,"0640",Zehlendorf Südwest,"064007",Nikolassee,"06400737"
"06400838",1 - Niedrig,Steglitz/Zehlendorf,"06",Zehlendorf Nord/Wannsee,"0640",Zehlendorf Nord,"064008",Krumme Lanke,"06400838"
"06400839",1 - Niedrig,Steglitz/Zehlendorf,"06",Zehlendorf Nord/Wannsee,"0640",Zehlendorf Nord,"064008",Fischerhüttenstraße,"06400839"
"06400840",1 - Niedrig,Steglitz/Zehlendorf,"06",Zehlendorf Nord/Wannsee,"0640",Zehlendorf Nord,"064008",Fischtal,"06400840"
"06400841",1 - Niedrig,Steglitz/Zehlendorf,"06",Zehlendorf Nord/Wannsee,"0640",Zehlendorf Nord,"064008",Zehlendorf Eiche,"06400841"
"06400842",1 - Niedrig,Steglitz/Zehlendorf,"06",Zehlendorf Nord/Wannsee,"0640",Zehlendorf Nord,"064008",Hüttenweg,"06400842"
"06400843",1 - Niedrig,Steglitz/Zehlendorf,"06",Zehlendorf Nord/Wannsee,"0640",Zehlendorf Nord,"064008",Thielallee,"06400843"
"06400844",1 - Niedrig,Steglitz/Zehlendorf,"06",Zehlendorf Nord/Wannsee,"0640",Zehlendorf Nord,"064008",Dahlem,"06400844"
"07100101",2 - Mittel,Tempelhof/Schöneberg,"07",Schöneberg Nord,"0710",Schöneb. Nordwest,"071001",Wittenbergplatz,"07100101"
"07100102",3 - Erhöht,Tempelhof/Schöneberg,"07",Schöneberg Nord,"0710",Schöneb. Nordwest,"071001",Kalckreuthstraße,"07100102"
"07100103",3 - Erhöht,Tempelhof/Schöneberg,"07",Schöneberg Nord,"0710",Schöneb. Nordwest,"071001",Frobenstraße,"07100103"
"07100204",1 - Niedrig,Tempelhof/Schöneberg,"07",Schöneberg Nord,"0710",Schöneb. Nordost,"071002",Barbarossaplatz,"07100204"
"07100205",3 - Erhöht,Tempelhof/Schöneberg,"07",Schöneberg Nord,"0710",Schöneb. Nordost,"071002",Alvenslebenstraße,"07100205"
"07100206",2 - Mittel,Tempelhof/Schöneberg,"07",Schöneberg Nord,"0710",Schöneb. Nordost,"071002",Großgörschenstraße,"07100206"
"07200307",1 - Niedrig,Tempelhof/Schöneberg,"07",Schöneberg Süd,"0720",Schöneb. Südwest,"072003",Bayerischer Platz,"07200307"
"07200308",1 - Niedrig,Tempelhof/Schöneberg,"07",Schöneberg Süd,"0720",Schöneb. Südwest,"072003",Volkspark (Rudolph-Wilde-Park),"07200308"
"07200409",1 - Niedrig,Tempelhof/Schöneberg,"07",Schöneberg Süd,"0720",Schöneb. Südost,"072004",Belziger Straße,"07200409"
"07200410",3 - Erhöht,Tempelhof/Schöneberg,"07",Schöneberg Süd,"0720",Schöneb. Südost,"072004",Feurigstraße,"07200410"
"07200411",3 - Erhöht,Tempelhof/Schöneberg,"07",Schöneberg Süd,"0720",Schöneb. Südost,"072004",Julius-Leber-Brücke,"07200411"
"07200412",1 - Niedrig,Tempelhof/Schöneberg,"07",Schöneberg Süd,"0720",Schöneb. Südost,"072004",Schöneberger Linse,"07200412"
"07200413",1 - Niedrig,Tempelhof/Schöneberg,"07",Schöneberg Süd,"0720",Schöneb. Südost,"072004",Cheruskerstraße,"07200413"
"07200414",1 - Niedrig,Tempelhof/Schöneberg,"07",Schöneberg Süd,"0720",Schöneb. Südost,"072004",Hohenfriedbergstraße,"07200414"
"07300515",1 - Niedrig,Tempelhof/Schöneberg,"07",Friedenau,"0730",Friedenau West,"073005",Taunusstraße,"07300515"
"07300516",1 - Niedrig,Tempelhof/Schöneberg,"07",Friedenau,"0730",Friedenau West,"073005",Odenwaldstraße,"07300516"
"07300517",1 - Niedrig,Tempelhof/Schöneberg,"07",Friedenau,"0730",Friedenau West,"073005",Perelsplatz,"07300517"
"07300618",1 - Niedrig,Tempelhof/Schöneberg,"07",Friedenau,"0730",Friedenau Ost,"073006",Ceciliengärten,"07300618"
"07300619",1 - Niedrig,Tempelhof/Schöneberg,"07",Friedenau,"0730",Friedenau Ost,"073006",Grazer Platz,"07300619"
"07400720",2 - Mittel,Tempelhof/Schöneberg,"07",Tempelhof,"0740",Tempelhof Nord,"074007",Gontermannstraße,"07400720"
"07400721",1 - Niedrig,Tempelhof/Schöneberg,"07",Tempelhof,"0740",Tempelhof Nord,"074007",Paradestraße,"07400721"
"07400822",2 - Mittel,Tempelhof/Schöneberg,"07",Tempelhof,"0740",Tempelhof Südwest,"074008",Lindenhofsiedlung,"07400822"
"07400823",2 - Mittel,Tempelhof/Schöneberg,"07",Tempelhof,"0740",Tempelhof Südwest,"074008",Wittekindstraße,"07400823"
"07400824",2 - Mittel,Tempelhof/Schöneberg,"07",Tempelhof,"0740",Tempelhof Südwest,"074008",Bosepark,"07400824"
"07400825",3 - Erhöht,Tempelhof/Schöneberg,"07",Tempelhof,"0740",Tempelhof Südwest,"074008",Friedrich-Karl-Straße,"07400825"
"07400826",2 - Mittel,Tempelhof/Schöneberg,"07",Tempelhof,"0740",Tempelhof Südwest,"074008",Marienhöhe,"07400826"
"07400927",2 - Mittel,Tempelhof/Schöneberg,"07",Tempelhof,"0740",Tempelhof Südost,"074009",Rathaus Tempelhof,"07400927"
"07400928",3 - Erhöht,Tempelhof/Schöneberg,"07",Tempelhof,"0740",Tempelhof Südost,"074009",Germaniagarten,"07400928"
"07501029",2 - Mittel,Tempelhof/Schöneberg,"07",Mariendorf,"0750",Mariendorf Nord,"075010",Ringstraße,"07501029"
"07501030",2 - Mittel,Tempelhof/Schöneberg,"07",Mariendorf,"0750",Mariendorf Nord,"075010",Machonstraße,"07501030"
"07501031",2 - Mittel,Tempelhof/Schöneberg,"07",Mariendorf,"0750",Mariendorf Nord,"075010",Eisenacher Straße,"07501031"
"07501032",2 - Mittel,Tempelhof/Schöneberg,"07",Mariendorf,"0750",Mariendorf Nord,"075010",Imbrosweg,"07501032"
"07501133",3 - Erhöht,Tempelhof/Schöneberg,"07",Mariendorf,"0750",Mariendorf Süd,"075011",Fritz-Werner-Straße,"07501133"
"07501134",1 - Niedrig,Tempelhof/Schöneberg,"07",Mariendorf,"0750",Mariendorf Süd,"075011",Hundsteinweg,"07501134"
"07501135",1 - Niedrig,Tempelhof/Schöneberg,"07",Mariendorf,"0750",Mariendorf Süd,"075011",Birnhornweg,"07501135"
"07601236",2 - Mittel,Tempelhof/Schöneberg,"07",Marienfelde/Lichtenrade,"0760",Marienfelde Nord,"076012",Marienfelder Allee Nordwest,"07601236"
"07601237",2 - Mittel,Tempelhof/Schöneberg,"07",Marienfelde/Lichtenrade,"0760",Marienfelde Nord,"076012",Kirchstraße,"07601237"
"07601238",2 - Mittel,Tempelhof/Schöneberg,"07",Marienfelde/Lichtenrade,"0760",Marienfelde Nord,"076012",Marienfelde Nordost,"07601238"
"07601339",3 - Erhöht,Tempelhof/Schöneberg,"07",Marienfelde/Lichtenrade,"0760",Marienfelde Süd,"076013",Tirschenreuther Ring West,"07601339"
"07601340",3 - Erhöht,Tempelhof/Schöneberg,"07",Marienfelde/Lichtenrade,"0760",Marienfelde Süd,"076013",Tirschenreuther Ring Ost,"07601340"
"07601341",2 - Mittel,Tempelhof/Schöneberg,"07",Marienfelde/Lichtenrade,"0760",Marienfelde Süd,"076013",Diedersdorfer Weg,"07601341"
"07601442",1 - Niedrig,Tempelhof/Schöneberg,"07",Marienfelde/Lichtenrade,"0760",Lichtenrade Nord,"076014",Kettinger Straße,"07601442"
"07601443",2 - Mittel,Tempelhof/Schöneberg,"07",Marienfelde/Lichtenrade,"0760",Lichtenrade Nord,"076014",Töpchiner Weg,"07601443"
"07601544",2 - Mittel,Tempelhof/Schöneberg,"07",Marienfelde/Lichtenrade,"0760",Lichtenrade Süd,"076015",John-Locke-Straße,"07601544"
"07601545",2 - Mittel,Tempelhof/Schöneberg,"07",Marienfelde/Lichtenrade,"0760",Lichtenrade Süd,"076015",Nahariyastraße,"07601545"
"07601546",1 - Niedrig,Tempelhof/Schöneberg,"07",Marienfelde/Lichtenrade,"0760",Lichtenrade Süd,"076015",Franziusweg,"07601546"
"07601547",1 - Niedrig,Tempelhof/Schöneberg,"07",Marienfelde/Lichtenrade,"0760",Lichtenrade Süd,"076015",Horstwalder Straße,"07601547"
"07601548",1 - Niedrig,Tempelhof/Schöneberg,"07",Marienfelde/Lichtenrade,"0760",Lichtenrade Süd,"076015",Wittelsbacherstraße,"07601548"
"08100101",3 - Erhöht,Neukölln,"08",Neukölln,"0810",Schillerpromenade,"081001",Hasenheide,"08100101"
"08100102",2 - Mittel,Neukölln,"08",Neukölln,"0810",Schillerpromenade,"081001",Schillerpromenade Nord,"08100102"
"08100103",2 - Mittel,Neukölln,"08",Neukölln,"0810",Schillerpromenade,"081001",Schillerpromenade Süd,"08100103"
"08100104",2 - Mittel,Neukölln,"08",Neukölln,"0810",Schillerpromenade,"081001",Wartheplatz,"08100104"
"08100105",3 - Erhöht,Neukölln,"08",Neukölln,"0810",Schillerpromenade,"081001",Silbersteinstraße,"08100105"
"08100206",2 - Mittel,Neukölln,"08",Neukölln,"0810",Neuköllner Mitte/Zentrum,"081002",Flughafenstraße,"08100206"
"08100207",3 - Erhöht,Neukölln,"08",Neukölln,"0810",Neuköllner Mitte/Zentrum,"081002",Rollberg,"08100207"
"08100208",2 - Mittel,Neukölln,"08",Neukölln,"0810",Neuköllner Mitte/Zentrum,"081002",Körnerpark,"08100208"
"08100209",3 - Erhöht,Neukölln,"08",Neukölln,"0810",Neuköllner Mitte/Zentrum,"081002",Glasower Straße,"08100209"
"08100310",2 - Mittel,Neukölln,"08",Neukölln,"0810",Reuterstr.,"081003",Maybachufer,"08100310"
"08100311",2 - Mittel,Neukölln,"08",Neukölln,"0810",Reuterstr.,"081003",Reuterplatz,"08100311"
"08100312",2 - Mittel,Neukölln,"08",Neukölln,"0810",Reuterstr.,"081003",Weichselplatz,"08100312"
"08100313",2 - Mittel,Neukölln,"08",Neukölln,"0810",Reuterstr.,"081003",Bouchéstraße,"08100313"
"08100314",3 - Erhöht,Neukölln,"08",Neukölln,"0810",Reuterstr.,"081003",Donaustraße,"08100314"
"08100415",2 - Mittel,Neukölln,"08",Neukölln,"0810",Rixdorf,"081004",Ganghoferstraße,"08100415"
"08100416",2 - Mittel,Neukölln,"08",Neukölln,"0810",Rixdorf,"081004",Alt-Rixdorf,"08100416"
"08100417",3 - Erhöht,Neukölln,"08",Neukölln,"0810",Rixdorf,"081004",Braunschweiger Straße,"08100417"
"08100418",2 - Mittel,Neukölln,"08",Neukölln,"0810",Rixdorf,"081004",Hertzbergplatz,"08100418"
"08100419",3 - Erhöht,Neukölln,"08",Neukölln,"0810",Rixdorf,"081004",Treptower Straße Nord,"08100419"
"08100520",3 - Erhöht,Neukölln,"08",Neukölln,"0810",Köllnische Heide,"081005",Weiße Siedlung,"08100520"
"08100521",3 - Erhöht,Neukölln,"08",Neukölln,"0810",Köllnische Heide,"081005",Schulenburgpark,"08100521"
"08200622",4 - Stark erhöht,Neukölln,"08",Britz/Buckow,"0820",Britz Nord,"082006",Jahnstraße,"08200622"
"08200623",2 - Mittel,Neukölln,"08",Britz/Buckow,"0820",Britz Nord,"082006",Park am Buschkrug,"08200623"
"08200624",3 - Erhöht,Neukölln,"08",Britz/Buckow,"0820",Britz Nord,"082006",Tempelhofer Weg,"08200624"
"08200725",1 - Niedrig,Neukölln,"08",Britz/Buckow,"0820",Britz,"082007",Mohriner Allee Nord,"08200725"
"08200726",2 - Mittel,Neukölln,"08",Britz/Buckow,"0820",Britz,"082007",Hufeisensiedlung,"08200726"
"08200727",3 - Erhöht,Neukölln,"08",Britz/Buckow,"0820",Britz,"082007",Parchimer Allee Süd,"08200727"
"08200728",3 - Erhöht,Neukölln,"08",Britz/Buckow,"0820",Britz,"082007",Ortolanweg,"08200728"
"08200729",2 - Mittel,Neukölln,"08",Britz/Buckow,"0820",Britz,"082007",Britzer Garten,"08200729"
"08200730",2 - Mittel,Neukölln,"08",Britz/Buckow,"0820",Britz,"082007",Handwerker-Siedlung,"08200730"
"08200831",2 - Mittel,Neukölln,"08",Britz/Buckow,"0820",Buckow,"082008",Buckow West,"08200831"
"08200832",2 - Mittel,Neukölln,"08",Britz/Buckow,"0820",Buckow,"082008",Buckow Mitte,"08200832"
"08200833",2 - Mittel,Neukölln,"08",Britz/Buckow,"0820",Buckow,"082008",Buckow Ost,"08200833"
"08300934",3 - Erhöht,Neukölln,"08",Gropiusstadt,"0830",Gropiusstadt West,"083009",Gropiusstadt Nord-West,"08300934"
"08300935",2 - Mittel,Neukölln,"08",Gropiusstadt,"0830",Gropiusstadt West,"083009",Gropiusstadt Süd-West,"08300935"
"08301036",4 - Stark erhöht,Neukölln,"08",Gropiusstadt,"0830",Gropiusstadt Ost,"083010",Gropiusstadt Mitte,"08301036"
"08301037",3 - Erhöht,Neukölln,"08",Gropiusstadt,"0830",Gropiusstadt Ost,"083010",Gropiusstadt Süd-Ost,"08301037"
"08401138",2 - Mittel,Neukölln,"08",Buckow Nord/Rudow,"0840",Buckow Nord,"084011",Goldhähnchenweg,"08401138"
"08401139",3 - Erhöht,Neukölln,"08",Buckow Nord/Rudow,"0840",Buckow Nord,"084011",Vogelviertel Süd,"08401139"
"08401140",2 - Mittel,Neukölln,"08",Buckow Nord/Rudow,"0840",Buckow Nord,"084011",Vogelviertel Nord,"08401140"
"08401241",1 - Niedrig,Neukölln,"08",Buckow Nord/Rudow,"0840",Rudow,"084012",Blumenviertel,"08401241"
"08401242",1 - Niedrig,Neukölln,"08",Buckow Nord/Rudow,"0840",Rudow,"084012",Zittauer Straße,"08401242"
"08401243",2 - Mittel,Neukölln,"08",Buckow Nord/Rudow,"0840",Rudow,"084012",Alt-Rudow,"08401243"
"08401244",1 - Niedrig,Neukölln,"08",Buckow Nord/Rudow,"0840",Rudow,"084012",Waßmannsdorfer Chaussee,"08401244"
"08401245",2 - Mittel,Neukölln,"08",Buckow Nord/Rudow,"0840",Rudow,"084012",Frauenviertel,"08401245"
"08401246",2 - Mittel,Neukölln,"08",Buckow Nord/Rudow,"0840",Rudow,"084012",Waltersdorfer Chaussee Ost,"08401246"
"09100101",2 - Mittel,Treptow/Köpenick,"09",Treptow-Köpenick 1,"0910",Alt-Treptow,"091001",Alt-Treptow,"09100101"
"09100202",2 - Mittel,Treptow/Köpenick,"09",Treptow-Köpenick 1,"0910",Plänterwald,"091002",Plänterwald West,"09100202"
"09100203",2 - Mittel,Treptow/Köpenick,"09",Treptow-Köpenick 1,"0910",Plänterwald,"091002",Plänterwald Ost,"09100203"
"09100304",2 - Mittel,Treptow/Köpenick,"09",Treptow-Köpenick 1,"0910",Baumschulenweg,"091003",Baumschulenweg West,"09100304"
"09100305",2 - Mittel,Treptow/Köpenick,"09",Treptow-Köpenick 1,"0910",Baumschulenweg,"091003",Baumschulenweg Ost,"09100305"
"09100306",2 - Mittel,Treptow/Köpenick,"09",Treptow-Köpenick 1,"0910",Baumschulenweg,"091003",Späthsfelde,"09100306"
"09100407",1 - Niedrig,Treptow/Köpenick,"09",Treptow-Köpenick 1,"0910",Johannisthal,"091004",Johannisthal West,"09100407"
"09100408",2 - Mittel,Treptow/Köpenick,"09",Treptow-Köpenick 1,"0910",Johannisthal,"091004",Johannisthal Ost,"09100408"
"09100409",2 - Mittel,Treptow/Köpenick,"09",Treptow-Köpenick 1,"0910",Johannisthal,"091004",Landschaftspark Adlershof,"09100409"
"09200510",2 - Mittel,Treptow/Köpenick,"09",Treptow-Köpenick 2,"0920",Oberschöneweide,"092005",Helmholtz-Kiez,"09200510"
"09200511",2 - Mittel,Treptow/Köpenick,"09",Treptow-Köpenick 2,"0920",Oberschöneweide,"092005",Griechischer Park,"09200511"
"09200512",2 - Mittel,Treptow/Köpenick,"09",Treptow-Köpenick 2,"0920",Oberschöneweide,"092005",Wuhlheide,"09200512"
"09200613",2 - Mittel,Treptow/Köpenick,"09",Treptow-Köpenick 2,"0920",Niederschöneweide,"092006",Bahnhof Schöneweide,"09200613"
"09200614",1 - Niedrig,Treptow/Köpenick,"09",Treptow-Köpenick 2,"0920",Niederschöneweide,"092006",Oberspree,"09200614"
"09200715",2 - Mittel,Treptow/Köpenick,"09",Treptow-Köpenick 2,"0920",Adlershof,"092007",Wista,"09200715"
"09200716",2 - Mittel,Treptow/Köpenick,"09",Treptow-Köpenick 2,"0920",Adlershof,"092007",Dörpfeldstraße West,"09200716"
"09200717",2 - Mittel,Treptow/Köpenick,"09",Treptow-Köpenick 2,"0920",Adlershof,"092007",Dörpfeldstraße Ost,"09200717"
"09200818",2 - Mittel,Treptow/Köpenick,"09",Treptow-Köpenick 2,"0920",Köllnische Vorstadt/Spindlersfeld,"092008",Spindlersfeld,"09200818"
"09200819",3 - Erhöht,Treptow/Köpenick,"09",Treptow-Köpenick 2,"0920",Köllnische Vorstadt/Spindlersfeld,"092008",Köllnische Vorstadt,"09200819"
"09300920",2 - Mittel,Treptow/Köpenick,"09",Treptow-Köpenick 3,"0930",Altglienicke,"093009",Dorf Altglienicke,"09300920"
"09300921",1 - Niedrig,Treptow/Köpenick,"09",Treptow-Köpenick 3,"0930",Altglienicke,"093009",Preußen Siedlung,"09300921"
"09300922",3 - Erhöht,Treptow/Köpenick,"09",Treptow-Köpenick 3,"0930",Altglienicke,"093009",Kosmos Viertel,"09300922"
"09300923",3 - Erhöht,Treptow/Köpenick,"09",Treptow-Köpenick 3,"0930",Altglienicke,"093009",Kölner Viertel,"09300923"
"09301024",1 - Niedrig,Treptow/Köpenick,"09",Treptow-Köpenick 3,"0930",Bohnsdorf,"093010",Falkenberg,"09301024"
"09301025",2 - Mittel,Treptow/Köpenick,"09",Treptow-Köpenick 3,"0930",Bohnsdorf,"093010",Alt-Bohnsdorf,"09301025"
"09301126",1 - Niedrig,Treptow/Köpenick,"09",Treptow-Köpenick 3,"0930",Grünau,"093011",Grünau,"09301126"
"09301227",1 - Niedrig,Treptow/Köpenick,"09",Treptow-Köpenick 3,"0930",Schmöckwitz,"093012",Karolinenhof,"09301227"
"09301228",1 - Niedrig,Treptow/Köpenick,"09",Treptow-Köpenick 3,"0930",Schmöckwitz,"093012",Schmöckwitz/Rauchfangswerder,"09301228"
"09401329",1 - Niedrig,Treptow/Köpenick,"09",Treptow-Köpenick 4,"0940",Köpenick Süd,"094013",Kietzer Feld/Nachtheide,"09401329"
"09401330",1 - Niedrig,Treptow/Köpenick,"09",Treptow-Köpenick 4,"0940",Köpenick Süd,"094013",Wendenschloß,"09401330"
"09401431",1 - Niedrig,Treptow/Köpenick,"09",Treptow-Köpenick 4,"0940",Allende-Viertel,"094014",Allende I,"09401431"
"09401432",2 - Mittel,Treptow/Köpenick,"09",Treptow-Köpenick 4,"0940",Allende-Viertel,"094014",Siedlung Kämmereiheide,"09401432"
"09401433",2 - Mittel,Treptow/Köpenick,"09",Treptow-Köpenick 4,"0940",Allende-Viertel,"094014",Allende II,"09401433"
"09401534",2 - Mittel,Treptow/Köpenick,"09",Treptow-Köpenick 4,"0940",Altstadt Köpenick,"094015",Altstadt Köpenick,"09401534"
"09401635",1 - Niedrig,Treptow/Köpenick,"09",Treptow-Köpenick 4,"0940",Müggelheim,"094016",Müggelheim,"09401635"
"09501736",1 - Niedrig,Treptow/Köpenick,"09",Treptow-Köpenick 5,"0950",Friedrichshagen,"095017",Hirschgarten,"09501736"
"09501737",1 - Niedrig,Treptow/Köpenick,"09",Treptow-Köpenick 5,"0950",Friedrichshagen,"095017",Alt-Friedrichshagen,"09501737"
"09501838",1 - Niedrig,Treptow/Köpenick,"09",Treptow-Köpenick 5,"0950",Rahnsdorf,"095018",Rahnsdorf,"09501838"
"09501939",1 - Niedrig,Treptow/Köpenick,"09",Treptow-Köpenick 5,"0950",Dammvorstadt,"095019",Bahnhofstraße,"09501939"
"09501940",2 - Mittel,Treptow/Köpenick,"09",Treptow-Köpenick 5,"0950",Dammvorstadt,"095019",Güterbahnhof Köpenick,"09501940"
"09501941",1 - Niedrig,Treptow/Köpenick,"09",Treptow-Köpenick 5,"0950",Dammvorstadt,"095019",Friedrichshagener Straße,"09501941"
"09502042",2 - Mittel,Treptow/Köpenick,"09",Treptow-Köpenick 5,"0950",Köpenick Nord,"095020",Mittelheide,"09502042"
"09502043",1 - Niedrig,Treptow/Köpenick,"09",Treptow-Köpenick 5,"0950",Köpenick Nord,"095020",Dammheide,"09502043"
"10100101",4 - Stark erhöht,Marzahn/Hellersdorf,"10",Marzahn,"1010",Marzahn Nord,"101001",Marzahn West,"10100101"
"10100102",4 - Stark erhöht,Marzahn/Hellersdorf,"10",Marzahn,"1010",Marzahn Nord,"101001",Rosenbecker Straße,"10100102"
"10100103",3 - Erhöht,Marzahn/Hellersdorf,"10",Marzahn,"1010",Marzahn Nord,"101001",Wittenberger Straße,"10100103"
"10100104",3 - Erhöht,Marzahn/Hellersdorf,"10",Marzahn,"1010",Marzahn Nord,"101001",Golliner Straße,"10100104"
"10100205",4 - Stark erhöht,Marzahn/Hellersdorf,"10",Marzahn,"1010",Marzahn Mitte,"101002",Gewerbegebiet Bitterfelder Straße,"10100205"
"10100206",3 - Erhöht,Marzahn/Hellersdorf,"10",Marzahn,"1010",Marzahn Mitte,"101002",Wuhletalstraße,"10100206"
"10100207",3 - Erhöht,Marzahn/Hellersdorf,"10",Marzahn,"1010",Marzahn Mitte,"101002",Ahrensfelder Berge,"10100207"
"10100208",2 - Mittel,Marzahn/Hellersdorf,"10",Marzahn,"1010",Marzahn Mitte,"101002",Bürgerpark,"10100208"
"10100209",3 - Erhöht,Marzahn/Hellersdorf,"10",Marzahn,"1010",Marzahn Mitte,"101002",Lea-Grundig-Straße,"10100209"
"10100210",2 - Mittel,Marzahn/Hellersdorf,"10",Marzahn,"1010",Marzahn Mitte,"101002",Marzahner Promenade,"10100210"
"10100311",3 - Erhöht,Marzahn/Hellersdorf,"10",Marzahn,"1010",Marzahn Süd,"101003",Marzahner Chaussee,"10100311"
"10100312",2 - Mittel,Marzahn/Hellersdorf,"10",Marzahn,"1010",Marzahn Süd,"101003",Springpfuhl,"10100312"
"10100313",3 - Erhöht,Marzahn/Hellersdorf,"10",Marzahn,"1010",Marzahn Süd,"101003",Alt-Marzahn,"10100313"
"10100314",2 - Mittel,Marzahn/Hellersdorf,"10",Marzahn,"1010",Marzahn Süd,"101003",Auersbergstraße,"10100314"
"10100315",2 - Mittel,Marzahn/Hellersdorf,"10",Marzahn,"1010",Marzahn Süd,"101003",Bärenstein,"10100315"
"10100316",2 - Mittel,Marzahn/Hellersdorf,"10",Marzahn,"1010",Marzahn Süd,"101003",Landsberger Tor,"10100316"
"10200417",4 - Stark erhöht,Marzahn/Hellersdorf,"10",Hellersdorf,"1020",Hellersdorf Nord,"102004",Zossener Straße,"10200417"
"10200418",2 - Mittel,Marzahn/Hellersdorf,"10",Hellersdorf,"1020",Hellersdorf Nord,"102004",Kyritzer Straße,"10200418"
"10200419",2 - Mittel,Marzahn/Hellersdorf,"10",Hellersdorf,"1020",Hellersdorf Nord,"102004",Havelländer Ring,"10200419"
"10200420",4 - Stark erhöht,Marzahn/Hellersdorf,"10",Hellersdorf,"1020",Hellersdorf Nord,"102004",Gut Hellersdorf,"10200420"
"10200421",4 - Stark erhöht,Marzahn/Hellersdorf,"10",Hellersdorf,"1020",Hellersdorf Nord,"102004",Helle Mitte,"10200421"
"10200422",4 - Stark erhöht,Marzahn/Hellersdorf,"10",Hellersdorf,"1020",Hellersdorf Nord,"102004",Hellersdorfer Promenade,"10200422"
"10200423",3 - Erhöht,Marzahn/Hellersdorf,"10",Hellersdorf,"1020",Hellersdorf Nord,"102004",Böhlener Straße,"10200423"
"10200524",2 - Mittel,Marzahn/Hellersdorf,"10",Hellersdorf,"1020",Hellersdorf Ost,"102005",Adele-Sandrock-Straße,"10200524"
"10200525",3 - Erhöht,Marzahn/Hellersdorf,"10",Hellersdorf,"1020",Hellersdorf Ost,"102005",Schleipfuhl,"10200525"
"10200526",4 - Stark erhöht,Marzahn/Hellersdorf,"10",Hellersdorf,"1020",Hellersdorf Ost,"102005",Boulevard Kastanienallee,"10200526"
"10200627",3 - Erhöht,Marzahn/Hellersdorf,"10",Hellersdorf,"1020",Hellersdorf Süd,"102006",Am Kienberg,"10200627"
"10200628",4 - Stark erhöht,Marzahn/Hellersdorf,"10",Hellersdorf,"1020",Hellersdorf Süd,"102006",Neue Grottkauer Straße,"10200628"
"10200629",2 - Mittel,Marzahn/Hellersdorf,"10",Hellersdorf,"1020",Hellersdorf Süd,"102006",Teterower Ring,"10200629"
"10200630",3 - Erhöht,Marzahn/Hellersdorf,"10",Hellersdorf,"1020",Hellersdorf Süd,"102006",Cecilienplatz,"10200630"
"10300731",1 - Niedrig,Marzahn/Hellersdorf,"10",Biesdorf,"1030",Biesdorf,"103007",Oberfeldstraße,"10300731"
"10300732",2 - Mittel,Marzahn/Hellersdorf,"10",Biesdorf,"1030",Biesdorf,"103007",Buckower Ring,"10300732"
"10300733",2 - Mittel,Marzahn/Hellersdorf,"10",Biesdorf,"1030",Biesdorf,"103007",Alt-Biesdorf,"10300733"
"10300734",1 - Niedrig,Marzahn/Hellersdorf,"10",Biesdorf,"1030",Biesdorf,"103007",Biesdorf Süd,"10300734"
"10400835",2 - Mittel,Marzahn/Hellersdorf,"10",Kaulsdorf/Mahlsdorf,"1040",Kaulsdorf,"104008",Kaulsdorf Nord,"10400835"
"10400836",2 - Mittel,Marzahn/Hellersdorf,"10",Kaulsdorf/Mahlsdorf,"1040",Kaulsdorf,"104008",Alt-Kaulsdorf,"10400836"
"10400837",1 - Niedrig,Marzahn/Hellersdorf,"10",Kaulsdorf/Mahlsdorf,"1040",Kaulsdorf,"104008",Kaulsdorf Süd,"10400837"
"10400938",1 - Niedrig,Marzahn/Hellersdorf,"10",Kaulsdorf/Mahlsdorf,"1040",Mahlsdorf,"104009",Mahlsdorf Nord,"10400938"
"10400939",1 - Niedrig,Marzahn/Hellersdorf,"10",Kaulsdorf/Mahlsdorf,"1040",Mahlsdorf,"104009",Alt-Mahlsdorf,"10400939"
"10400940",1 - Niedrig,Marzahn/Hellersdorf,"10",Kaulsdorf/Mahlsdorf,"1040",Mahlsdorf,"104009",Elsensee,"10400940"
"10400941",1 - Niedrig,Marzahn/Hellersdorf,"10",Kaulsdorf/Mahlsdorf,"1040",Mahlsdorf,"104009",Pilgramer Straße,"10400941"
"11100101",1 - Niedrig,Lichtenberg/Hohenschönhausen,"11",Hohenschönhausen Nord,"1110","Malchow, Wartenberg und Falkenberg","111001",Dörfer Malchow-Wartenberg,"11100101"
"11100102",2 - Mittel,Lichtenberg/Hohenschönhausen,"11",Hohenschönhausen Nord,"1110","Malchow, Wartenberg und Falkenberg","111001",Dorf Falkenberg,"11100102"
"11100203",3 - Erhöht,Lichtenberg/Hohenschönhausen,"11",Hohenschönhausen Nord,"1110",Neu-Hohenschönhausen Nord,"111002",Falkenberg Ost,"11100203"
"11100204",2 - Mittel,Lichtenberg/Hohenschönhausen,"11",Hohenschönhausen Nord,"1110",Neu-Hohenschönhausen Nord,"111002",Falkenberg West,"11100204"
"11100205",2 - Mittel,Lichtenberg/Hohenschönhausen,"11",Hohenschönhausen Nord,"1110",Neu-Hohenschönhausen Nord,"111002",Wartenberg Süd,"11100205"
"11100206",3 - Erhöht,Lichtenberg/Hohenschönhausen,"11",Hohenschönhausen Nord,"1110",Neu-Hohenschönhausen Nord,"111002",Wartenberg Nord,"11100206"
"11100307",2 - Mittel,Lichtenberg/Hohenschönhausen,"11",Hohenschönhausen Nord,"1110",Neu-Hohenschönhausen Süd,"111003",Zingster Straße Ost,"11100307"
"11100308",3 - Erhöht,Lichtenberg/Hohenschönhausen,"11",Hohenschönhausen Nord,"1110",Neu-Hohenschönhausen Süd,"111003",Zingster Straße West,"11100308"
"11100309",3 - Erhöht,Lichtenberg/Hohenschönhausen,"11",Hohenschönhausen Nord,"1110",Neu-Hohenschönhausen Süd,"111003",Mühlengrund,"11100309"
"11200410",3 - Erhöht,Lichtenberg/Hohenschönhausen,"11",Hohenschönhausen Süd,"1120",Alt-Hohenschönhausen Nord,"112004",Malchower Weg,"11200410"
"11200411",2 - Mittel,Lichtenberg/Hohenschönhausen,"11",Hohenschönhausen Süd,"1120",Alt-Hohenschönhausen Nord,"112004",Hauptstraße,"11200411"
"11200512",1 - Niedrig,Lichtenberg/Hohenschönhausen,"11",Hohenschönhausen Süd,"1120",Alt-Hohenschönhausen Süd,"112005",Orankesee,"11200512"
"11200513",2 - Mittel,Lichtenberg/Hohenschönhausen,"11",Hohenschönhausen Süd,"1120",Alt-Hohenschönhausen Süd,"112005",Große-Leege-Straße,"11200513"
"11200514",2 - Mittel,Lichtenberg/Hohenschönhausen,"11",Hohenschönhausen Süd,"1120",Alt-Hohenschönhausen Süd,"112005",Landsberger Allee,"11200514"
"11200515",1 - Niedrig,Lichtenberg/Hohenschönhausen,"11",Hohenschönhausen Süd,"1120",Alt-Hohenschönhausen Süd,"112005",Weiße Taube,"11200515"
"11300616",2 - Mittel,Lichtenberg/Hohenschönhausen,"11",Lichtenberg Nord,"1130",Fennpfuhl,"113006",Hohenschönhauser Straße,"11300616"
"11300617",2 - Mittel,Lichtenberg/Hohenschönhausen,"11",Lichtenberg Nord,"1130",Fennpfuhl,"113006",Fennpfuhlpark,"11300617"
"11300618",2 - Mittel,Lichtenberg/Hohenschönhausen,"11",Lichtenberg Nord,"1130",Fennpfuhl,"113006",Storkower Bogen,"11300618"
"11300619",1 - Niedrig,Lichtenberg/Hohenschönhausen,"11",Lichtenberg Nord,"1130",Fennpfuhl,"113006",Rudolf-Seiffert-Park,"11300619"
"11300620",2 - Mittel,Lichtenberg/Hohenschönhausen,"11",Lichtenberg Nord,"1130",Fennpfuhl,"113006",Fennpfuhl Ost,"11300620"
"11300721",2 - Mittel,Lichtenberg/Hohenschönhausen,"11",Lichtenberg Nord,"1130",Alt-Lichtenberg,"113007",Herzbergstraße,"11300721"
"11300722",2 - Mittel,Lichtenberg/Hohenschönhausen,"11",Lichtenberg Nord,"1130",Alt-Lichtenberg,"113007",Rathaus Lichtenberg,"11300722"
"11300723",1 - Niedrig,Lichtenberg/Hohenschönhausen,"11",Lichtenberg Nord,"1130",Alt-Lichtenberg,"113007",Bornitzstraße,"11300723"
"11300724",2 - Mittel,Lichtenberg/Hohenschönhausen,"11",Lichtenberg Nord,"1130",Alt-Lichtenberg,"113007",Roedeliusplatz,"11300724"
"11300725",2 - Mittel,Lichtenberg/Hohenschönhausen,"11",Lichtenberg Nord,"1130",Alt-Lichtenberg,"113007",Nibelungenviertel,"11300725"
"11300826",2 - Mittel,Lichtenberg/Hohenschönhausen,"11",Lichtenberg Nord,"1130",Frankf. Allee Süd,"113008",Frankfurter Allee Süd,"11300826"
"11400927",2 - Mittel,Lichtenberg/Hohenschönhausen,"11",Lichtenberg Mitte,"1140",Neu-Lichtenberg,"114009",Victoriastadt,"11400927"
"11400928",1 - Niedrig,Lichtenberg/Hohenschönhausen,"11",Lichtenberg Mitte,"1140",Neu-Lichtenberg,"114009",Nöldnerplatz,"11400928"
"11400929",2 - Mittel,Lichtenberg/Hohenschönhausen,"11",Lichtenberg Mitte,"1140",Neu-Lichtenberg,"114009",Weitlingkiez,"11400929"
"11400930",1 - Niedrig,Lichtenberg/Hohenschönhausen,"11",Lichtenberg Mitte,"1140",Neu-Lichtenberg,"114009",Zachertstraße,"11400930"
"11400931",2 - Mittel,Lichtenberg/Hohenschönhausen,"11",Lichtenberg Mitte,"1140",Neu-Lichtenberg,"114009",Massower Straße,"11400931"
"11401032",2 - Mittel,Lichtenberg/Hohenschönhausen,"11",Lichtenberg Mitte,"1140",Friedrichsfelde Nord,"114010",Rosenfelder Ring,"11401032"
"11401033",2 - Mittel,Lichtenberg/Hohenschönhausen,"11",Lichtenberg Mitte,"1140",Friedrichsfelde Nord,"114010",Gensinger Straße,"11401033"
"11401034",2 - Mittel,Lichtenberg/Hohenschönhausen,"11",Lichtenberg Mitte,"1140",Friedrichsfelde Nord,"114010",Tierpark,"11401034"
"11401135",2 - Mittel,Lichtenberg/Hohenschönhausen,"11",Lichtenberg Mitte,"1140",Friedrichsfelde Süd,"114011",Dolgenseestraße,"11401135"
"11401136",1 - Niedrig,Lichtenberg/Hohenschönhausen,"11",Lichtenberg Mitte,"1140",Friedrichsfelde Süd,"114011",Volkradstraße,"11401136"
"11401137",2 - Mittel,Lichtenberg/Hohenschönhausen,"11",Lichtenberg Mitte,"1140",Friedrichsfelde Süd,"114011",Erieseering,"11401137"
"11501238",2 - Mittel,Lichtenberg/Hohenschönhausen,"11",Lichtenberg Süd,"1150",Rummelsburger Bucht,"115012",Rummelsburg,"11501238"
"11501339",2 - Mittel,Lichtenberg/Hohenschönhausen,"11",Lichtenberg Süd,"1150",Karlshorst,"115013",Karlshorst West,"11501339"
"11501340",1 - Niedrig,Lichtenberg/Hohenschönhausen,"11",Lichtenberg Süd,"1150",Karlshorst,"115013",Karlshorst Nord,"11501340"
"11501341",1 - Niedrig,Lichtenberg/Hohenschönhausen,"11",Lichtenberg Süd,"1150",Karlshorst,"115013",Karlshorst Süd,"11501341"
"12100101",3 - Erhöht,Reinickendorf,"12",Reinickendorf Ost,"1210",Ost 1 - Reginhardstr.,"121001",Letteplatz,"12100101"
"12100102",3 - Erhöht,Reinickendorf,"12",Reinickendorf Ost,"1210",Ost 1 - Reginhardstr.,"121001",Hausotterplatz,"12100102"
"12100103",3 - Erhöht,Reinickendorf,"12",Reinickendorf Ost,"1210",Ost 1 - Reginhardstr.,"121001",Breitkopfbecken,"12100103"
"12100204",3 - Erhöht,Reinickendorf,"12",Reinickendorf Ost,"1210",Ost 2 - Alt-Reinickendorf,"121002",Schäfersee,"12100204"
"12100205",3 - Erhöht,Reinickendorf,"12",Reinickendorf Ost,"1210",Ost 2 - Alt-Reinickendorf,"121002",Teichstraße,"12100205"
"12100206",2 - Mittel,Reinickendorf,"12",Reinickendorf Ost,"1210",Ost 2 - Alt-Reinickendorf,"121002",Humboldtstraße,"12100206"
"12200307",2 - Mittel,Reinickendorf,"12",Tegel,"1220",West 4 - Auguste-Viktoria-Allee,"122003",Reinickes Hof,"12200307"
"12200308",2 - Mittel,Reinickendorf,"12",Tegel,"1220",West 4 - Auguste-Viktoria-Allee,"122003",Meller Bogen,"12200308"
"12200309",3 - Erhöht,Reinickendorf,"12",Tegel,"1220",West 4 - Auguste-Viktoria-Allee,"122003",Scharnweberstraße,"12200309"
"12200310",3 - Erhöht,Reinickendorf,"12",Tegel,"1220",West 4 - Auguste-Viktoria-Allee,"122003",Klixstraße,"12200310"
"12200411",0 - Weitgehend unbewohnte Fläche,Reinickendorf,"12",Tegel,"1220",West 1 - Tegel-Süd/Flughafensee,"122004",Schumacher-Quartier,"12200411"
"12200412",2 - Mittel,Reinickendorf,"12",Tegel,"1220",West 1 - Tegel-Süd/Flughafensee,"122004",Waldidyll/Flughafensee,"12200412"
"12200413",3 - Erhöht,Reinickendorf,"12",Tegel,"1220",West 1 - Tegel-Süd/Flughafensee,"122004",Tegel Süd,"12200413"
"12200414",4 - Stark erhöht,Reinickendorf,"12",Tegel,"1220",West 1 - Tegel-Süd/Flughafensee,"122004",TXL,"12200414"
"12200515",2 - Mittel,Reinickendorf,"12",Tegel,"1220",West 5 - Tegel,"122005",Alt-Tegel,"12200515"
"12400616",1 - Niedrig,Reinickendorf,"12",Grüner Norden,"1240",West 2 - Heiligensee/Konradshöhe,"124006",Konradshöhe/Tegelort,"12400616"
"12400617",1 - Niedrig,Reinickendorf,"12",Grüner Norden,"1240",West 2 - Heiligensee/Konradshöhe,"124006",Alt-Heiligensee,"12400617"
"12400618",1 - Niedrig,Reinickendorf,"12",Grüner Norden,"1240",West 2 - Heiligensee/Konradshöhe,"124006",Heiligensee Nord,"12400618"
"12400619",1 - Niedrig,Reinickendorf,"12",Grüner Norden,"1240",West 2 - Heiligensee/Konradshöhe,"124006",Heiligensee,"12400619"
"12400720",1 - Niedrig,Reinickendorf,"12",Grüner Norden,"1240",Nord 1 - Frohnau/Hermsdorf,"124007",Frohnau West,"12400720"
"12400721",1 - Niedrig,Reinickendorf,"12",Grüner Norden,"1240",Nord 1 - Frohnau/Hermsdorf,"124007",Frohnau Ost,"12400721"
"12400722",1 - Niedrig,Reinickendorf,"12",Grüner Norden,"1240",Nord 1 - Frohnau/Hermsdorf,"124007",Hermsdorf West,"12400722"
"12400723",1 - Niedrig,Reinickendorf,"12",Grüner Norden,"1240",Nord 1 - Frohnau/Hermsdorf,"124007",Hermsdorf Ost/Waldsee,"12400723"
"12500824",2 - Mittel,Reinickendorf,"12",Wittenau/Borsigwalde,"1250",West 3 - Borsigwalde/FreieScholle,"125008",Ziekowstraße/Freie Scholle,"12500824"
"12500825",2 - Mittel,Reinickendorf,"12",Wittenau/Borsigwalde,"1250",West 3 - Borsigwalde/FreieScholle,"125008",Borsigwalde,"12500825"
"12500926",2 - Mittel,Reinickendorf,"12",Wittenau/Borsigwalde,"1250",Nord 2 - Waidmannslust/Wittenau/Lübars,"125009",Wittenau Mitte,"12500926"
"12500927",2 - Mittel,Reinickendorf,"12",Wittenau/Borsigwalde,"1250",Nord 2 - Waidmannslust/Wittenau/Lübars,"125009",Wittenau Nord,"12500927"
"12500928",2 - Mittel,Reinickendorf,"12",Wittenau/Borsigwalde,"1250",Nord 2 - Waidmannslust/Wittenau/Lübars,"125009",Waidmannslust,"12500928"
"12500929",1 - Niedrig,Reinickendorf,"12",Wittenau/Borsigwalde,"1250",Nord 2 - Waidmannslust/Wittenau/Lübars,"125009",Lübars,"12500929"
"12500930",2 - Mittel,Reinickendorf,"12",Wittenau/Borsigwalde,"1250",Nord 2 - Waidmannslust/Wittenau/Lübars,"125009",Wittenau Süd,"12500930"
"12601031",2 - Mittel,Reinickendorf,"12",Märkisches Viertel,"1260",Rollbergesiedlung,"126010",Lübarser Straße,"12601031"
"12601032",3 - Erhöht,Reinickendorf,"12",Märkisches Viertel,"1260",Rollbergesiedlung,"126010",Rollbergesiedlung,"12601032"
"12601133",4 - Stark erhöht,Reinickendorf,"12",Märkisches Viertel,"1260",MV Nord,"126011",Treuenbrietzener Straße,"12601133"
"12601134",3 - Erhöht,Reinickendorf,"12",Märkisches Viertel,"1260",MV Nord,"126011",Märkisches Zentrum,"12601134"
"12601235",3 - Erhöht,Reinickendorf,"12",Märkisches Viertel,"1260",MV Süd,"126012",Dannenwalder Weg,"12601235"
"12601236",2 - Mittel,Reinickendorf,"12",Märkisches Viertel,"1260",MV Süd,"126012",Schorfheidestraße,"12601236"
