ZEIT,PLR_ID,PLR_NAME,EW,BEZ_ID,KI_01,KI_01_SD_GR,KI_01_AG_GR,KI_02,KI_02_SD_GR,KI_02_AG_GR,KI_03,KI_03_SD_GR,KI_03_AG_GR,KI_04,KI_04_SD_GR,KI_04_AG_GR,KI_05,KI_05_SD_GR,KI_05_AG_GR,KI_16,KI_16_SD_GR,KI_16_AG_GR,KI_06,KI_06_SD_GR,KI_06_AG_GR,KI_17,KI_17_SD_GR,KI_17_AG_GR,KI_07,KI_07_SD_GR,KI_07_AG_GR,KI_08,KI_08_AG_GR,KI_14,KI_14_SD_GR,KI_14_AG_GR,KI_15,KI_15_SD_GR,KI_15_AG_GR,KI_09,KI_09_AG_GR,KI_10,KI_10_SD_GR,KI_10_AG_GR,KI_11,KI_11_AG_GR,KI_12,KI_12_SD_GR,KI_12_AG_GR,KI_13,KI_13_SD_GR,KI_13_AG_GR,KOM
202012,"01011101",Stülerstraße,3419,"01",,,,,,,,,,,,,,,,,,,,,,,,,,,,0.66,1,2,2,3,41.34,2,3,,,,,,,,,,,,,,gültig
202012,"01011102",Großer Tiergarten,192,"01",-9999,-9999,-9999,-9999,-9999,-9999,-9999,-9999,-9999,-9999,-9999,-9999,-9999,-9999,-9999,-9999,-9999,-9999,-9999,-9999,-9999,-9999,-9999,-9999,-9999,-9999,-9999,-9999,-9999,-9999,-9999,-9999,-9999,-9999,-9999,-9999,-9999,-9999,-9999,-9999,-9999,-9999,-9999,-9999,-9999,-9999,-9999,-9999,ungültig (EW unter 300)
202012,"01011103",Lützowstraße,5211,"01",,,,,,,,,,,,,,,,,,,,,,,,,,,,8.38,2,1.85,2,3,43.28,2,3,,,,,,,,,,,,,,gültig
202012,"01011104",Körnerstraße,4636,"01",,,,,,,,,,,,,,,,,,,,,,,,,,,,12.76,2,1.37,1,1,32.44,2,1,,,,,,,,,,,,,,gültig
202012,"01011105",Nördlicher Landwehrkanal,1599,"01",,,,,,,,,,,,,,,,,,,,,,,,,,,,0,1,2.65,4,5,75.22,4,5,,,,,,,,,,,,,,gültig
202012,"01011201",Wilhelmstraße,2573,"01",,,,,,,,,,,,,,,,,,,,,,,,,,,,9.34,2,2.44,4,5,48.45,3,4,,,,,,,,,,,,,,gültig
202012,"01011202",Unter den Linden Nord,646,"01",,,,,,,,,,,,,,,,,,,,,,,,,,,,10.65,2,2.27,4,5,66.19,4,5,,,,,,,,,,,,,,gültig
202012,"01011203",Unter den Linden Süd,1157,"01",,,,,,,,,,,,,,,,,,,,,,,,,,,,38.17,4,2.08,2,4,57.54,4,5,,,,,,,,,,,,,,gültig
202012,"01011204",Leipziger Straße,8312,"01",,,,,,,,,,,,,,,,,,,,,,,,,,,,31.42,4,2,2,4,45.63,2,4,,,,,,,,,,,,,,gültig
202012,"01011301",Charitéviertel,6967,"01",,,,,,,,,,,,,,,,,,,,,,,,,,,,6.73,2,2.05,2,4,51.04,4,5,,,,,,,,,,,,,,gültig
202012,"01011302",Oranienburger Straße,12352,"01",,,,,,,,,,,,,,,,,,,,,,,,,,,,23.19,3,2.02,2,4,47.13,3,4,,,,,,,,,,,,,,gültig
202012,"01011303",Alexanderplatzviertel,9903,"01",,,,,,,,,,,,,,,,,,,,,,,,,,,,42.01,4,1.88,2,3,38.29,2,2,,,,,,,,,,,,,,gültig
202012,"01011304",Karl-Marx-Allee,9013,"01",,,,,,,,,,,,,,,,,,,,,,,,,,,,45.16,5,1.86,2,3,34.38,2,1,,,,,,,,,,,,,,gültig
202012,"01011305",Heine-Viertel West,9422,"01",,,,,,,,,,,,,,,,,,,,,,,,,,,,10.7,2,1.85,2,3,37.44,2,2,,,,,,,,,,,,,,gültig
202012,"01011306",Heine-Viertel Ost,10779,"01",,,,,,,,,,,,,,,,,,,,,,,,,,,,14.06,2,1.59,2,2,32.54,2,1,,,,,,,,,,,,,,gültig
202012,"01011401",Invalidenstraße,17771,"01",,,,,,,,,,,,,,,,,,,,,,,,,,,,3.25,2,1.74,2,2,41.38,2,3,,,,,,,,,,,,,,gültig
202012,"01011402",Arkonaplatz,13443,"01",,,,,,,,,,,,,,,,,,,,,,,,,,,,3.39,2,1.8,2,3,40.35,2,3,,,,,,,,,,,,,,gültig
202012,"01022101",Huttenkiez,3450,"01",,,,,,,,,,,,,,,,,,,,,,,,,,,,1.62,2,1.55,1,2,34.82,2,1,,,,,,,,,,,,,,gültig
202012,"01022102",Beusselkiez,6866,"01",,,,,,,,,,,,,,,,,,,,,,,,,,,,4.58,2,1.43,1,1,30.18,1,1,,,,,,,,,,,,,,gültig
202012,"01022103",Westhafen,275,"01",-9999,-9999,-9999,-9999,-9999,-9999,-9999,-9999,-9999,-9999,-9999,-9999,-9999,-9999,-9999,-9999,-9999,-9999,-9999,-9999,-9999,-9999,-9999,-9999,-9999,-9999,-9999,-9999,-9999,-9999,-9999,-9999,-9999,-9999,-9999,-9999,-9999,-9999,-9999,-9999,-9999,-9999,-9999,-9999,-9999,-9999,-9999,-9999,ungültig (EW unter 300)
202012,"01022104",Emdener Straße,18536,"01",,,,,,,,,,,,,,,,,,,,,,,,,,,,4.09,2,1.69,2,2,36.61,2,2,,,,,,,,,,,,,,gültig
202012,"01022105",Zwinglistraße,5235,"01",,,,,,,,,,,,,,,,,,,,,,,,,,,,3,2,1.48,1,1,32.47,2,1,,,,,,,,,,,,,,gültig
202012,"01022106",Elberfelder Straße,11333,"01",,,,,,,,,,,,,,,,,,,,,,,,,,,,0.66,1,1.91,2,3,42.54,2,3,,,,,,,,,,,,,,gültig
202012,"01022201",Stephankiez,10825,"01",,,,,,,,,,,,,,,,,,,,,,,,,,,,0.26,1,1.69,2,2,37.8,2,2,,,,,,,,,,,,,,gültig
202012,"01022202",Heidestraße,5178,"01",,,,,,,,,,,,,,,,,,,,,,,,,,,,11.23,2,1.55,1,2,41.39,2,3,,,,,,,,,,,,,,gültig
202012,"01022203",Lübecker Straße,6976,"01",,,,,,,,,,,,,,,,,,,,,,,,,,,,14.68,2,1.51,1,2,31.75,1,1,,,,,,,,,,,,,,gültig
202012,"01022204",Thomasiusstraße,5935,"01",,,,,,,,,,,,,,,,,,,,,,,,,,,,0.11,1,1.85,2,3,42.84,2,3,,,,,,,,,,,,,,gültig
202012,"01022205",Zillesiedlung,3280,"01",,,,,,,,,,,,,,,,,,,,,,,,,,,,34.44,4,1.26,1,1,29.76,1,1,,,,,,,,,,,,,,gültig
202012,"01022206",Lüneburger Straße,3132,"01",,,,,,,,,,,,,,,,,,,,,,,,,,,,0,1,1.95,2,3,47.83,3,4,,,,,,,,,,,,,,gültig
202012,"01022207",Hansaviertel,5807,"01",,,,,,,,,,,,,,,,,,,,,,,,,,,,1.16,2,1.92,2,3,42.13,2,3,,,,,,,,,,,,,,gültig
202012,"01033101",Soldiner Straße,26381,"01",,,,,,,,,,,,,,,,,,,,,,,,,,,,15.22,3,1.43,1,1,29.41,1,1,,,,,,,,,,,,,,gültig
202012,"01033102",Gesundbrunnen,11665,"01",,,,,,,,,,,,,,,,,,,,,,,,,,,,9.53,2,1.5,1,1,30.84,1,1,,,,,,,,,,,,,,gültig
202012,"01033201",Brunnenstraße,14193,"01",,,,,,,,,,,,,,,,,,,,,,,,,,,,44.01,4,1.46,1,1,29.9,1,1,,,,,,,,,,,,,,gültig
202012,"01033202",Humboldthain Süd,10443,"01",,,,,,,,,,,,,,,,,,,,,,,,,,,,25.22,3,1.52,1,2,31.98,1,1,,,,,,,,,,,,,,gültig
202012,"01033203",Humboldthain Nordwest,14657,"01",,,,,,,,,,,,,,,,,,,,,,,,,,,,9.27,2,1.45,1,1,29.91,1,1,,,,,,,,,,,,,,gültig
202012,"01044101",Rehberge,20529,"01",,,,,,,,,,,,,,,,,,,,,,,,,,,,8.07,2,1.64,2,2,33.9,2,1,,,,,,,,,,,,,,gültig
202012,"01044102",Schillerpark,16506,"01",,,,,,,,,,,,,,,,,,,,,,,,,,,,46.34,5,1.74,2,2,33.69,2,1,,,,,,,,,,,,,,gültig
202012,"01044103",Westliche Müllerstraße,8643,"01",,,,,,,,,,,,,,,,,,,,,,,,,,,,7.54,2,1.6,2,2,33.57,2,1,,,,,,,,,,,,,,gültig
202012,"01044201",Reinickendorfer Straße,23685,"01",,,,,,,,,,,,,,,,,,,,,,,,,,,,14.36,2,1.35,1,1,29.06,1,1,,,,,,,,,,,,,,gültig
202012,"01044202",Sparrplatz,16648,"01",,,,,,,,,,,,,,,,,,,,,,,,,,,,3.8,2,1.51,1,2,31.66,1,1,,,,,,,,,,,,,,gültig
202012,"01044203",Leopoldplatz,15787,"01",,,,,,,,,,,,,,,,,,,,,,,,,,,,9.58,2,1.58,1,2,33.38,2,1,,,,,,,,,,,,,,gültig
202012,"02010101",Askanischer Platz,6281,"02",,,,,,,,,,,,,,,,,,,,,,,,,,,,11.74,2,1.69,2,2,35.21,2,2,,,,,,,,,,,,,,gültig
202012,"02010102",Mehringplatz,14029,"02",,,,,,,,,,,,,,,,,,,,,,,,,,,,31.02,4,1.48,1,1,31,1,1,,,,,,,,,,,,,,gültig
202012,"02010103",Moritzplatz,15171,"02",,,,,,,,,,,,,,,,,,,,,,,,,,,,42.18,4,1.47,1,1,29.06,1,1,,,,,,,,,,,,,,gültig
202012,"02010104",Wassertorplatz,5009,"02",,,,,,,,,,,,,,,,,,,,,,,,,,,,5.54,2,1.48,1,1,32.21,2,1,,,,,,,,,,,,,,gültig
202012,"02020201",Gleisdreieck/Entwicklungsgebiet,2067,"02",,,,,,,,,,,,,,,,,,,,,,,,,,,,2.72,2,1.47,1,1,39.01,2,2,,,,,,,,,,,,,,gültig
202012,"02020202",Rathaus Yorckstraße,6008,"02",,,,,,,,,,,,,,,,,,,,,,,,,,,,2.64,2,1.69,2,2,38.71,2,2,,,,,,,,,,,,,,gültig
202012,"02020203",Viktoriapark,10969,"02",,,,,,,,,,,,,,,,,,,,,,,,,,,,0.11,1,1.86,2,3,43.15,2,3,,,,,,,,,,,,,,gültig
202012,"02020204",Urbanstraße,12384,"02",,,,,,,,,,,,,,,,,,,,,,,,,,,,0.5,1,1.77,2,3,38.92,2,2,,,,,,,,,,,,,,gültig
202012,"02020205",Chamissokiez,14760,"02",,,,,,,,,,,,,,,,,,,,,,,,,,,,17.79,3,1.82,2,3,40.92,2,3,,,,,,,,,,,,,,gültig
202012,"02020206",Graefekiez,18886,"02",,,,,,,,,,,,,,,,,,,,,,,,,,,,1.29,2,1.69,2,2,38.66,2,2,,,,,,,,,,,,,,gültig
202012,"02030301",Oranienplatz,8775,"02",,,,,,,,,,,,,,,,,,,,,,,,,,,,20.53,3,1.51,1,2,32.38,2,1,,,,,,,,,,,,,,gültig
202012,"02030302",Lausitzer Platz,12938,"02",,,,,,,,,,,,,,,,,,,,,,,,,,,,15.31,3,1.65,2,2,36.08,2,2,,,,,,,,,,,,,,gültig
202012,"02030401",Reichenberger Straße,14955,"02",,,,,,,,,,,,,,,,,,,,,,,,,,,,2.63,2,1.66,2,2,38.82,2,2,,,,,,,,,,,,,,gültig
202012,"02030402",Wrangelkiez,10903,"02",,,,,,,,,,,,,,,,,,,,,,,,,,,,4.44,2,1.68,2,2,37.71,2,2,,,,,,,,,,,,,,gültig
202012,"02040501",Barnimkiez,5451,"02",,,,,,,,,,,,,,,,,,,,,,,,,,,,70.64,6,1.98,2,3,33.75,2,1,,,,,,,,,,,,,,gültig
202012,"02040502",Friedenstraße,7858,"02",,,,,,,,,,,,,,,,,,,,,,,,,,,,43.97,4,1.83,2,3,38.03,2,2,,,,,,,,,,,,,,gültig
202012,"02040503",Richard-Sorge-Viertel,11262,"02",,,,,,,,,,,,,,,,,,,,,,,,,,,,30.02,4,1.76,2,3,37.38,2,2,,,,,,,,,,,,,,gültig
202012,"02040701",Andreasviertel,13307,"02",,,,,,,,,,,,,,,,,,,,,,,,,,,,52.72,5,1.62,2,2,33.04,2,1,,,,,,,,,,,,,,gültig
202012,"02040702",Weberwiese,11314,"02",,,,,,,,,,,,,,,,,,,,,,,,,,,,13.96,2,1.73,2,2,39.73,2,2,,,,,,,,,,,,,,gültig
202012,"02040703",Wriezener Bahnhof/Entwicklungsgebiet,1136,"02",,,,,,,,,,,,,,,,,,,,,,,,,,,,0,1,1.6,2,2,36.96,2,2,,,,,,,,,,,,,,gültig
202012,"02050601",Hausburgviertel,9134,"02",,,,,,,,,,,,,,,,,,,,,,,,,,,,11.97,2,1.72,2,2,38.25,2,2,,,,,,,,,,,,,,gültig
202012,"02050602",Samariterviertel,22173,"02",,,,,,,,,,,,,,,,,,,,,,,,,,,,6.38,2,1.69,2,2,38.01,2,2,,,,,,,,,,,,,,gültig
202012,"02050801",Traveplatz,20872,"02",,,,,,,,,,,,,,,,,,,,,,,,,,,,12.69,2,1.67,2,2,36.57,2,2,,,,,,,,,,,,,,gültig
202012,"02050802",Boxhagener Platz,21568,"02",,,,,,,,,,,,,,,,,,,,,,,,,,,,4,2,1.72,2,2,39.4,2,2,,,,,,,,,,,,,,gültig
202012,"02050803",Stralauer Kiez,7868,"02",,,,,,,,,,,,,,,,,,,,,,,,,,,,10.42,2,1.9,2,3,41.46,2,3,,,,,,,,,,,,,,gültig
202012,"02050804",Stralauer Halbinsel,4709,"02",,,,,,,,,,,,,,,,,,,,,,,,,,,,8.01,2,1.45,1,1,37.49,2,2,,,,,,,,,,,,,,gültig
202012,"03010101",Bucher Forst,4305,"03",,,,,,,,,,,,,,,,,,,,,,,,,,,,25.48,3,1.93,2,3,41.39,2,3,,,,,,,,,,,,,,gültig
202012,"03010102",Buch,12165,"03",,,,,,,,,,,,,,,,,,,,,,,,,,,,51.88,5,1.84,2,3,32.24,2,1,,,,,,,,,,,,,,gültig
202012,"03010104",Lietzengraben,222,"03",-9999,-9999,-9999,-9999,-9999,-9999,-9999,-9999,-9999,-9999,-9999,-9999,-9999,-9999,-9999,-9999,-9999,-9999,-9999,-9999,-9999,-9999,-9999,-9999,-9999,-9999,-9999,-9999,-9999,-9999,-9999,-9999,-9999,-9999,-9999,-9999,-9999,-9999,-9999,-9999,-9999,-9999,-9999,-9999,-9999,-9999,-9999,-9999,ungültig (EW unter 300)
202012,"03020203",Blankenfelde,2058,"03",,,,,,,,,,,,,,,,,,,,,,,,,,,,1.2,2,2.1,3,4,46.57,3,4,,,,,,,,,,,,,,gültig
202012,"03020209",Niederschönhausen,15100,"03",,,,,,,,,,,,,,,,,,,,,,,,,,,,6.08,2,1.76,2,3,40.74,2,3,,,,,,,,,,,,,,gültig
202012,"03020210",Herthaplatz,11464,"03",,,,,,,,,,,,,,,,,,,,,,,,,,,,3.93,2,1.84,2,3,40.66,2,3,,,,,,,,,,,,,,gültig
202012,"03020307",Buchholz,18419,"03",,,,,,,,,,,,,,,,,,,,,,,,,,,,1.09,2,1.77,2,3,40.07,2,3,,,,,,,,,,,,,,gültig
202012,"03030405",Karow Nord,11455,"03",,,,,,,,,,,,,,,,,,,,,,,,,,,,8.51,2,1.92,2,3,35.19,2,2,,,,,,,,,,,,,,gültig
202012,"03030406",Alt-Karow,8239,"03",,,,,,,,,,,,,,,,,,,,,,,,,,,,0.05,1,2.1,3,4,47.32,3,4,,,,,,,,,,,,,,gültig
202012,"03030711",Blankenburg,6913,"03",,,,,,,,,,,,,,,,,,,,,,,,,,,,0.48,1,2.1,3,4,46.44,2,4,,,,,,,,,,,,,,gültig
202012,"03030715",Heinersdorf,7779,"03",,,,,,,,,,,,,,,,,,,,,,,,,,,,9.16,2,1.98,2,3,42.85,2,3,,,,,,,,,,,,,,gültig
202012,"03030716",Märchenland,1120,"03",,,,,,,,,,,,,,,,,,,,,,,,,,,,0,1,2.23,4,4,45.86,2,4,,,,,,,,,,,,,,gültig
202012,"03040508",Rosenthal,4742,"03",,,,,,,,,,,,,,,,,,,,,,,,,,,,1.13,2,1.91,2,3,43.12,2,3,,,,,,,,,,,,,,gültig
202012,"03040512",Wilhelmsruh,10438,"03",,,,,,,,,,,,,,,,,,,,,,,,,,,,3.66,2,1.99,2,3,41.06,2,3,,,,,,,,,,,,,,gültig
202012,"03040513",Schönholz,3509,"03",,,,,,,,,,,,,,,,,,,,,,,,,,,,0.33,1,1.88,2,3,42.71,2,3,,,,,,,,,,,,,,gültig
202012,"03040614",Pankow Zentrum,37240,"03",,,,,,,,,,,,,,,,,,,,,,,,,,,,26.73,3,1.83,2,3,39.05,2,2,,,,,,,,,,,,,,gültig
202012,"03040818",Pankow Süd,35738,"03",,,,,,,,,,,,,,,,,,,,,,,,,,,,21.71,3,1.94,2,3,38,2,2,,,,,,,,,,,,,,gültig
202012,"03050919",Gustav-Adolf-Straße,5096,"03",,,,,,,,,,,,,,,,,,,,,,,,,,,,45.81,5,2.08,3,4,37.04,2,2,,,,,,,,,,,,,,gültig
202012,"03050920",Weißer See,7551,"03",,,,,,,,,,,,,,,,,,,,,,,,,,,,15.2,3,1.83,2,3,38.05,2,2,,,,,,,,,,,,,,gültig
202012,"03050923",Weißenseer Spitze,10049,"03",,,,,,,,,,,,,,,,,,,,,,,,,,,,13.43,2,1.74,2,2,37.75,2,2,,,,,,,,,,,,,,gültig
202012,"03050924",Behaimstraße,6407,"03",,,,,,,,,,,,,,,,,,,,,,,,,,,,20.5,3,1.81,2,3,38.96,2,2,,,,,,,,,,,,,,gültig
202012,"03050925",Komponistenviertel Weißensee,9819,"03",,,,,,,,,,,,,,,,,,,,,,,,,,,,15.27,3,1.79,2,3,37.29,2,2,,,,,,,,,,,,,,gültig
202012,"03051017",Rennbahnstraße,4212,"03",,,,,,,,,,,,,,,,,,,,,,,,,,,,10.53,2,1.78,2,3,38.3,2,2,,,,,,,,,,,,,,gültig
202012,"03051021",Buschallee,6981,"03",,,,,,,,,,,,,,,,,,,,,,,,,,,,29.74,3,2.02,2,4,35.62,2,2,,,,,,,,,,,,,,gültig
202012,"03051022",Hansastraße,4640,"03",,,,,,,,,,,,,,,,,,,,,,,,,,,,25.39,3,1.97,2,3,35.68,2,2,,,,,,,,,,,,,,gültig
202012,"03061126",Arnimplatz,16255,"03",,,,,,,,,,,,,,,,,,,,,,,,,,,,6.66,2,1.75,2,3,39.77,2,2,,,,,,,,,,,,,,gültig
202012,"03061131",Falkplatz,10744,"03",,,,,,,,,,,,,,,,,,,,,,,,,,,,6.44,2,1.74,2,2,39.74,2,2,,,,,,,,,,,,,,gültig
202012,"03061227",Humannplatz,14632,"03",,,,,,,,,,,,,,,,,,,,,,,,,,,,15.31,3,1.84,2,3,39.69,2,2,,,,,,,,,,,,,,gültig
202012,"03061228",Erich-Weinert-Straße,12813,"03",,,,,,,,,,,,,,,,,,,,,,,,,,,,26.96,3,1.89,2,3,36.79,2,2,,,,,,,,,,,,,,gültig
202012,"03061332",Helmholtzplatz,22534,"03",,,,,,,,,,,,,,,,,,,,,,,,,,,,5.95,2,1.79,2,3,42.48,2,3,,,,,,,,,,,,,,gültig
202012,"03061429",Greifswalder Straße,9970,"03",,,,,,,,,,,,,,,,,,,,,,,,,,,,31.48,4,2.07,2,4,35.94,2,2,,,,,,,,,,,,,,gültig
202012,"03061430",Volkspark Prenzlauer Berg,3965,"03",,,,,,,,,,,,,,,,,,,,,,,,,,,,40.71,4,1.55,1,2,26.56,1,1,,,,,,,,,,,,,,gültig
202012,"03061434",Anton-Saefkow-Park,6373,"03",,,,,,,,,,,,,,,,,,,,,,,,,,,,17.89,3,1.96,2,3,38.63,2,2,,,,,,,,,,,,,,gültig
202012,"03061435",Conrad-Blenkle-Straße,4063,"03",,,,,,,,,,,,,,,,,,,,,,,,,,,,34.39,4,1.86,2,3,35.07,2,2,,,,,,,,,,,,,,gültig
202012,"03061441",Eldenaer Straße,2825,"03",,,,,,,,,,,,,,,,,,,,,,,,,,,,0,1,1.33,1,1,37.57,2,2,,,,,,,,,,,,,,gültig
202012,"03071536",Teutoburger Platz,11328,"03",,,,,,,,,,,,,,,,,,,,,,,,,,,,8.89,2,1.8,2,3,42.13,2,3,,,,,,,,,,,,,,gültig
202012,"03071537",Kollwitzplatz,15930,"03",,,,,,,,,,,,,,,,,,,,,,,,,,,,8.92,2,1.87,2,3,44.33,2,3,,,,,,,,,,,,,,gültig
202012,"03071633",Thälmannpark,3188,"03",,,,,,,,,,,,,,,,,,,,,,,,,,,,61.1,6,1.92,2,3,37.69,2,2,,,,,,,,,,,,,,gültig
202012,"03071638",Winsstraße,17612,"03",,,,,,,,,,,,,,,,,,,,,,,,,,,,7.47,2,1.75,2,3,40.7,2,3,,,,,,,,,,,,,,gültig
202012,"03071639",Bötzowstraße,12823,"03",,,,,,,,,,,,,,,,,,,,,,,,,,,,15.92,3,1.77,2,3,41.69,2,3,,,,,,,,,,,,,,gültig
202012,"04010101",Jungfernheide,10765,"04",,,,,,,,,,,,,,,,,,,,,,,,,,,,19.35,3,1.8,2,3,31.47,1,1,,,,,,,,,,,,,,gültig
202012,"04010102",Plötzensee,783,"04",,,,,,,,,,,,,,,,,,,,,,,,,,,,0,1,1.67,2,2,43.75,2,3,,,,,,,,,,,,,,gültig
202012,"04010103",Paul-Hertz-Siedlung,7855,"04",,,,,,,,,,,,,,,,,,,,,,,,,,,,94.13,6,1.67,2,2,31.67,1,1,,,,,,,,,,,,,,gültig
202012,"04020204",Olympiagelände,178,"04",-9999,-9999,-9999,-9999,-9999,-9999,-9999,-9999,-9999,-9999,-9999,-9999,-9999,-9999,-9999,-9999,-9999,-9999,-9999,-9999,-9999,-9999,-9999,-9999,-9999,-9999,-9999,-9999,-9999,-9999,-9999,-9999,-9999,-9999,-9999,-9999,-9999,-9999,-9999,-9999,-9999,-9999,-9999,-9999,-9999,-9999,-9999,-9999,ungültig (EW unter 300)
202012,"04020205",Siedlung Ruhleben,1304,"04",,,,,,,,,,,,,,,,,,,,,,,,,,,,11,2,2.18,3,4,49.27,3,4,,,,,,,,,,,,,,gültig
202012,"04020206",Angerburger Allee,2832,"04",,,,,,,,,,,,,,,,,,,,,,,,,,,,0,1,2.3,4,5,49.17,3,4,,,,,,,,,,,,,,gültig
202012,"04020207",Flatowallee,2569,"04",,,,,,,,,,,,,,,,,,,,,,,,,,,,0,1,2.15,3,4,50.97,4,5,,,,,,,,,,,,,,gültig
202012,"04020208",Kranzallee,2963,"04",,,,,,,,,,,,,,,,,,,,,,,,,,,,3.85,2,2.14,3,4,55.06,4,5,,,,,,,,,,,,,,gültig
202012,"04020209",Eichkamp,3140,"04",,,,,,,,,,,,,,,,,,,,,,,,,,,,0,1,2,2,4,45.2,2,4,,,,,,,,,,,,,,gültig
202012,"04020310",Park Ruhwald,806,"04",,,,,,,,,,,,,,,,,,,,,,,,,,,,0,1,0.94,1,1,22.97,1,1,,,,,,,,,,,,,,gültig
202012,"04020311",Reichsstraße,14745,"04",,,,,,,,,,,,,,,,,,,,,,,,,,,,1.24,2,2.11,3,4,47.78,3,4,,,,,,,,,,,,,,gültig
202012,"04020312",Branitzer Platz,5573,"04",,,,,,,,,,,,,,,,,,,,,,,,,,,,4.01,2,1.94,2,3,45.91,2,4,,,,,,,,,,,,,,gültig
202012,"04020313",Königin-Elisabeth-Straße,7212,"04",,,,,,,,,,,,,,,,,,,,,,,,,,,,11.44,2,1.94,2,3,40.55,2,3,,,,,,,,,,,,,,gültig
202012,"04020314",Messegelände,6,"04",-9999,-9999,-9999,-9999,-9999,-9999,-9999,-9999,-9999,-9999,-9999,-9999,-9999,-9999,-9999,-9999,-9999,-9999,-9999,-9999,-9999,-9999,-9999,-9999,-9999,-9999,-9999,-9999,-9999,-9999,-9999,-9999,-9999,-9999,-9999,-9999,-9999,-9999,-9999,-9999,-9999,-9999,-9999,-9999,-9999,-9999,-9999,-9999,ungültig (EW unter 300)
202012,"04030415",Schloßgarten,3329,"04",,,,,,,,,,,,,,,,,,,,,,,,,,,,0,1,1.62,2,2,38.63,2,2,,,,,,,,,,,,,,gültig
202012,"04030416",Klausenerplatz,10334,"04",,,,,,,,,,,,,,,,,,,,,,,,,,,,44.06,4,1.62,2,2,35.21,2,2,,,,,,,,,,,,,,gültig
202012,"04030417",Schloßstraße,10786,"04",,,,,,,,,,,,,,,,,,,,,,,,,,,,1.48,2,1.92,2,3,42.99,2,3,,,,,,,,,,,,,,gültig
202012,"04030518",Tegeler Weg,9637,"04",,,,,,,,,,,,,,,,,,,,,,,,,,,,0.6,1,1.9,2,3,38.32,2,2,,,,,,,,,,,,,,gültig
202012,"04030519",Kaiserin-Augusta-Allee,5930,"04",,,,,,,,,,,,,,,,,,,,,,,,,,,,11.99,2,1.8,2,3,39.27,2,2,,,,,,,,,,,,,,gültig
202012,"04030620",Alt-Lietzow,8859,"04",,,,,,,,,,,,,,,,,,,,,,,,,,,,2.53,2,1.79,2,3,38.57,2,2,,,,,,,,,,,,,,gültig
202012,"04030621",Spreestadt,3429,"04",,,,,,,,,,,,,,,,,,,,,,,,,,,,3.5,2,1.67,2,2,41.53,2,3,,,,,,,,,,,,,,gültig
202012,"04030622",Richard-Wagner-Straße,10811,"04",,,,,,,,,,,,,,,,,,,,,,,,,,,,14.69,2,1.81,2,3,39.6,2,2,,,,,,,,,,,,,,gültig
202012,"04030623",Ernst-Reuter-Platz,5157,"04",,,,,,,,,,,,,,,,,,,,,,,,,,,,21.93,3,1.83,2,3,40.9,2,3,,,,,,,,,,,,,,gültig
202012,"04030724",Lietzensee,6488,"04",,,,,,,,,,,,,,,,,,,,,,,,,,,,2.41,2,1.86,2,3,43.6,2,3,,,,,,,,,,,,,,gültig
202012,"04030725",Amtsgerichtsplatz,12142,"04",,,,,,,,,,,,,,,,,,,,,,,,,,,,1.23,2,1.85,2,3,43.63,2,3,,,,,,,,,,,,,,gültig
202012,"04030726",Droysenstraße,5641,"04",,,,,,,,,,,,,,,,,,,,,,,,,,,,2.58,2,1.95,2,3,46.74,3,4,,,,,,,,,,,,,,gültig
202012,"04030827",Karl-August-Platz,12155,"04",,,,,,,,,,,,,,,,,,,,,,,,,,,,0.96,1,1.69,2,2,37.92,2,2,,,,,,,,,,,,,,gültig
202012,"04030828",Savignyplatz,9538,"04",,,,,,,,,,,,,,,,,,,,,,,,,,,,4.3,2,1.95,2,3,46.57,3,4,,,,,,,,,,,,,,gültig
202012,"04030929",Hindemithplatz,5964,"04",,,,,,,,,,,,,,,,,,,,,,,,,,,,1.44,2,2.12,3,4,51.71,4,5,,,,,,,,,,,,,,gültig
202012,"04030930",George-Grosz-Platz,5597,"04",,,,,,,,,,,,,,,,,,,,,,,,,,,,1.92,2,2.33,4,5,61.72,4,5,,,,,,,,,,,,,,gültig
202012,"04030931",Breitscheidplatz,3581,"04",,,,,,,,,,,,,,,,,,,,,,,,,,,,0,1,2.1,3,4,53.74,4,5,,,,,,,,,,,,,,gültig
202012,"04031032",Halensee,15602,"04",,,,,,,,,,,,,,,,,,,,,,,,,,,,3.03,2,1.98,2,3,46.53,3,4,,,,,,,,,,,,,,gültig
202012,"04041133",Güterbahnhof Grunewald,110,"04",-9999,-9999,-9999,-9999,-9999,-9999,-9999,-9999,-9999,-9999,-9999,-9999,-9999,-9999,-9999,-9999,-9999,-9999,-9999,-9999,-9999,-9999,-9999,-9999,-9999,-9999,-9999,-9999,-9999,-9999,-9999,-9999,-9999,-9999,-9999,-9999,-9999,-9999,-9999,-9999,-9999,-9999,-9999,-9999,-9999,-9999,-9999,-9999,ungültig (EW unter 300)
202012,"04041134",Bismarckallee,5470,"04",,,,,,,,,,,,,,,,,,,,,,,,,,,,7.17,2,2.02,2,4,54.83,4,5,,,,,,,,,,,,,,gültig
202012,"04041135",Hundekehle,2786,"04",,,,,,,,,,,,,,,,,,,,,,,,,,,,2.25,2,2.57,4,5,73.4,4,5,,,,,,,,,,,,,,gültig
202012,"04041136",Hagenplatz,3173,"04",,,,,,,,,,,,,,,,,,,,,,,,,,,,0.34,1,2.42,4,5,68,4,5,,,,,,,,,,,,,,gültig
202012,"04041137",Flinsberger Platz,8264,"04",,,,,,,,,,,,,,,,,,,,,,,,,,,,4.88,2,2.07,2,4,44.07,2,3,,,,,,,,,,,,,,gültig
202012,"04041238",Kissinger Straße,6081,"04",,,,,,,,,,,,,,,,,,,,,,,,,,,,11.69,2,1.95,2,3,44.79,2,3,,,,,,,,,,,,,,gültig
202012,"04041239",Stadion Wilmersdorf,1038,"04",,,,,,,,,,,,,,,,,,,,,,,,,,,,0,1,1.28,1,1,35.2,2,2,,,,,,,,,,,,,,gültig
202012,"04041240",Messelpark,1513,"04",,,,,,,,,,,,,,,,,,,,,,,,,,,,0,1,2.64,4,5,70.25,4,5,,,,,,,,,,,,,,gültig
202012,"04041241",Breite Straße,7023,"04",,,,,,,,,,,,,,,,,,,,,,,,,,,,4.96,2,1.97,2,3,42.69,2,3,,,,,,,,,,,,,,gültig
202012,"04041342",Schlangenbader Straße,4178,"04",,,,,,,,,,,,,,,,,,,,,,,,,,,,61.27,6,1.87,2,3,38.58,2,2,,,,,,,,,,,,,,gültig
202012,"04041343",Binger Straße,3574,"04",,,,,,,,,,,,,,,,,,,,,,,,,,,,4.75,2,2.09,3,4,45.17,2,4,,,,,,,,,,,,,,gültig
202012,"04041344",Rüdesheimer Platz,10593,"04",,,,,,,,,,,,,,,,,,,,,,,,,,,,0,1,1.83,2,3,42.47,2,3,,,,,,,,,,,,,,gültig
202012,"04051445",Eisenzahnstraße,6496,"04",,,,,,,,,,,,,,,,,,,,,,,,,,,,10.24,2,1.8,2,3,37.71,2,2,,,,,,,,,,,,,,gültig
202012,"04051446",Preußenpark,11048,"04",,,,,,,,,,,,,,,,,,,,,,,,,,,,0.33,1,1.97,2,3,46.42,2,4,,,,,,,,,,,,,,gültig
202012,"04051447",Ludwigkirchplatz,5283,"04",,,,,,,,,,,,,,,,,,,,,,,,,,,,0.94,1,1.98,2,3,45.87,2,4,,,,,,,,,,,,,,gültig
202012,"04051448",Schaperstraße,9334,"04",,,,,,,,,,,,,,,,,,,,,,,,,,,,4.3,2,1.93,2,3,45.53,2,4,,,,,,,,,,,,,,gültig
202012,"04051549",Rathaus Wilmersdorf,4715,"04",,,,,,,,,,,,,,,,,,,,,,,,,,,,10.03,2,1.7,2,2,34.84,2,1,,,,,,,,,,,,,,gültig
202012,"04051550",Leon-Jessel-Platz,5625,"04",,,,,,,,,,,,,,,,,,,,,,,,,,,,0.39,1,1.85,2,3,41.38,2,3,,,,,,,,,,,,,,gültig
202012,"04051551",Brabanter Platz,4436,"04",,,,,,,,,,,,,,,,,,,,,,,,,,,,1.65,2,1.77,2,3,38.49,2,2,,,,,,,,,,,,,,gültig
202012,"04051652",Nikolsburger Platz,9834,"04",,,,,,,,,,,,,,,,,,,,,,,,,,,,0.72,1,1.88,2,3,44.15,2,3,,,,,,,,,,,,,,gültig
202012,"04051653",Prager Platz,6913,"04",,,,,,,,,,,,,,,,,,,,,,,,,,,,9.31,2,1.95,2,3,44.6,2,3,,,,,,,,,,,,,,gültig
202012,"04051654",Wilhelmsaue,3071,"04",,,,,,,,,,,,,,,,,,,,,,,,,,,,0,1,1.85,2,3,41.11,2,3,,,,,,,,,,,,,,gültig
202012,"04051655",Babelsberger Straße,7489,"04",,,,,,,,,,,,,,,,,,,,,,,,,,,,2.28,2,1.75,2,2,39.25,2,2,,,,,,,,,,,,,,gültig
202012,"04051656",Hildegardstraße,7572,"04",,,,,,,,,,,,,,,,,,,,,,,,,,,,8.77,2,1.84,2,3,41.13,2,3,,,,,,,,,,,,,,gültig
202012,"04061757",Forst Grunewald,62,"04",-9999,-9999,-9999,-9999,-9999,-9999,-9999,-9999,-9999,-9999,-9999,-9999,-9999,-9999,-9999,-9999,-9999,-9999,-9999,-9999,-9999,-9999,-9999,-9999,-9999,-9999,-9999,-9999,-9999,-9999,-9999,-9999,-9999,-9999,-9999,-9999,-9999,-9999,-9999,-9999,-9999,-9999,-9999,-9999,-9999,-9999,-9999,-9999,ungültig (EW unter 300)
202012,"05010101",Hakenfelde Nord,10672,"05",,,,,,,,,,,,,,,,,,,,,,,,,,,,1.75,2,1.62,2,2,35.44,2,2,,,,,,,,,,,,,,gültig
202012,"05010102",Goltzstraße,8500,"05",,,,,,,,,,,,,,,,,,,,,,,,,,,,0.38,1,1.7,2,2,34.18,2,1,,,,,,,,,,,,,,gültig
202012,"05010103",Amorbacher Weg,7608,"05",,,,,,,,,,,,,,,,,,,,,,,,,,,,0,1,2.15,3,4,43.68,2,3,,,,,,,,,,,,,,gültig
202012,"05010204",Griesingerstraße,3619,"05",,,,,,,,,,,,,,,,,,,,,,,,,,,,55.27,5,1.35,1,1,27.81,1,1,,,,,,,,,,,,,,gültig
202012,"05010205",An der Tränke,2314,"05",,,,,,,,,,,,,,,,,,,,,,,,,,,,0,1,1.91,2,3,41.83,2,3,,,,,,,,,,,,,,gültig
202012,"05010206",Gütersloher Weg,10703,"05",,,,,,,,,,,,,,,,,,,,,,,,,,,,23.38,3,1.67,2,2,35.72,2,2,,,,,,,,,,,,,,gültig
202012,"05010207",Darbystraße,11547,"05",,,,,,,,,,,,,,,,,,,,,,,,,,,,28.79,3,1.73,2,2,32.1,1,1,,,,,,,,,,,,,,gültig
202012,"05010208",Germersheimer Platz,7709,"05",,,,,,,,,,,,,,,,,,,,,,,,,,,,16.93,3,1.94,2,3,34.25,2,1,,,,,,,,,,,,,,gültig
202012,"05010209",An der Kappe,6068,"05",,,,,,,,,,,,,,,,,,,,,,,,,,,,2.33,2,2.01,2,4,41.85,2,3,,,,,,,,,,,,,,gültig
202012,"05010310",Eckschanze,4025,"05",,,,,,,,,,,,,,,,,,,,,,,,,,,,6.32,2,1.77,2,3,34.96,2,1,,,,,,,,,,,,,,gültig
202012,"05010311",Eiswerder,5756,"05",,,,,,,,,,,,,,,,,,,,,,,,,,,,3.53,2,1.21,1,1,27.88,1,1,,,,,,,,,,,,,,gültig
202012,"05010312",Kurstraße,7335,"05",,,,,,,,,,,,,,,,,,,,,,,,,,,,1.6,2,1.46,1,1,31.14,1,1,,,,,,,,,,,,,,gültig
202012,"05010313",Ackerstraße,6753,"05",,,,,,,,,,,,,,,,,,,,,,,,,,,,1.86,2,1.68,2,2,35.42,2,2,,,,,,,,,,,,,,gültig
202012,"05010314",Carl-Schurz-Straße,12340,"05",,,,,,,,,,,,,,,,,,,,,,,,,,,,26.79,3,1.81,2,3,35.03,2,2,,,,,,,,,,,,,,gültig
202012,"05010339",Freiheit,957,"05",,,,,,,,,,,,,,,,,,,,,,,,,,,,0,1,0.8,1,1,18.68,1,1,,,,,,,,,,,,,,gültig
202012,"05020415",Isenburger Weg,3839,"05",,,,,,,,,,,,,,,,,,,,,,,,,,,,0,1,1.94,2,3,42.78,2,3,,,,,,,,,,,,,,gültig
202012,"05020416",Am Heideberg,1694,"05",,,,,,,,,,,,,,,,,,,,,,,,,,,,0,1,2.16,3,4,35.49,2,2,,,,,,,,,,,,,,gültig
202012,"05020417",Staakener Straße,5780,"05",,,,,,,,,,,,,,,,,,,,,,,,,,,,0.52,1,2.07,2,4,43.7,2,3,,,,,,,,,,,,,,gültig
202012,"05020418",Spandauer Straße,4386,"05",,,,,,,,,,,,,,,,,,,,,,,,,,,,0,1,1.65,2,2,33.86,2,1,,,,,,,,,,,,,,gültig
202012,"05020419",Magistratsweg,7200,"05",,,,,,,,,,,,,,,,,,,,,,,,,,,,43.5,4,1.79,2,3,35.94,2,2,,,,,,,,,,,,,,gültig
202012,"05020420",Werkstraße,1170,"05",,,,,,,,,,,,,,,,,,,,,,,,,,,,4.63,2,1.79,2,3,40.16,2,3,,,,,,,,,,,,,,gültig
202012,"05020521",Döberitzer Weg,3254,"05",,,,,,,,,,,,,,,,,,,,,,,,,,,,0,1,1.74,2,2,39.03,2,2,,,,,,,,,,,,,,gültig
202012,"05020522",Pillnitzer Weg,7571,"05",,,,,,,,,,,,,,,,,,,,,,,,,,,,17.38,3,1.61,2,2,30.96,1,1,,,,,,,,,,,,,,gültig
202012,"05020523",Maulbeerallee,12398,"05",,,,,,,,,,,,,,,,,,,,,,,,,,,,83.5,6,1.53,1,2,30.96,1,1,,,,,,,,,,,,,,gültig
202012,"05020524",Weinmeisterhornweg,6241,"05",,,,,,,,,,,,,,,,,,,,,,,,,,,,9.54,2,2.18,3,4,46.35,2,4,,,,,,,,,,,,,,gültig
202012,"05020625",Borkumer Straße,7858,"05",,,,,,,,,,,,,,,,,,,,,,,,,,,,0.37,1,1.81,2,3,37.68,2,2,,,,,,,,,,,,,,gültig
202012,"05020626",Adamstraße,18268,"05",,,,,,,,,,,,,,,,,,,,,,,,,,,,2.58,2,1.89,2,3,37.62,2,2,,,,,,,,,,,,,,gültig
202012,"05020627",Tiefwerder,4453,"05",,,,,,,,,,,,,,,,,,,,,,,,,,,,29.95,3,1.62,2,2,33.97,2,1,,,,,,,,,,,,,,gültig
202012,"05020628",Graetschelsteig,2003,"05",,,,,,,,,,,,,,,,,,,,,,,,,,,,84.85,6,1.99,2,3,38.88,2,2,,,,,,,,,,,,,,gültig
202012,"05020629",Börnicker Straße,4436,"05",,,,,,,,,,,,,,,,,,,,,,,,,,,,0,1,2.34,4,5,55.63,4,5,,,,,,,,,,,,,,gültig
202012,"05030730",Zitadellenweg,4608,"05",,,,,,,,,,,,,,,,,,,,,,,,,,,,26.85,3,1.21,1,1,24.11,1,1,,,,,,,,,,,,,,gültig
202012,"05030731",Gartenfelder Straße,11885,"05",,,,,,,,,,,,,,,,,,,,,,,,,,,,61.5,6,1.77,2,3,33.25,2,1,,,,,,,,,,,,,,gültig
202012,"05030832",Rohrdamm,12254,"05",,,,,,,,,,,,,,,,,,,,,,,,,,,,0,1,1.65,2,2,34.26,2,1,,,,,,,,,,,,,,gültig
202012,"05030833",Motardstraße,486,"05",,,,,,,,,,,,,,,,,,,,,,,,,,,,0,1,1.21,1,1,32.01,1,1,,,,,,,,,,,,,,gültig
202012,"05040934",Alt-Gatow,3198,"05",,,,,,,,,,,,,,,,,,,,,,,,,,,,5.6,2,2.3,4,5,54.64,4,5,,,,,,,,,,,,,,gültig
202012,"05040935",Groß-Glienicker Weg,444,"05",,,,,,,,,,,,,,,,,,,,,,,,,,,,34.65,4,1.75,2,2,33.5,2,1,,,,,,,,,,,,,,gültig
202012,"05040936",Jägerallee,10315,"05",,,,,,,,,,,,,,,,,,,,,,,,,,,,0,1,2.11,3,4,49.65,3,4,,,,,,,,,,,,,,gültig
202012,"05040937",Kladower Damm,2198,"05",,,,,,,,,,,,,,,,,,,,,,,,,,,,0,1,2.26,4,5,50.96,4,5,,,,,,,,,,,,,,gültig
202012,"05040938",Kafkastraße,3682,"05",,,,,,,,,,,,,,,,,,,,,,,,,,,,0,1,2.28,4,5,50.38,4,5,,,,,,,,,,,,,,gültig
202012,"06010101",Fichtenberg,6988,"06",,,,,,,,,,,,,,,,,,,,,,,,,,,,0.79,1,2.06,2,4,45.18,2,4,,,,,,,,,,,,,,gültig
202012,"06010102",Schloßstraße,8808,"06",,,,,,,,,,,,,,,,,,,,,,,,,,,,0.35,1,1.91,2,3,42.83,2,3,,,,,,,,,,,,,,gültig
202012,"06010103",Markelstraße,6281,"06",,,,,,,,,,,,,,,,,,,,,,,,,,,,0.24,1,1.84,2,3,40.18,2,3,,,,,,,,,,,,,,gültig
202012,"06010204",Munsterdamm,6887,"06",,,,,,,,,,,,,,,,,,,,,,,,,,,,0.05,1,1.75,2,2,37.54,2,2,,,,,,,,,,,,,,gültig
202012,"06010205",Südende,9881,"06",,,,,,,,,,,,,,,,,,,,,,,,,,,,1.53,2,1.86,2,3,41.35,2,3,,,,,,,,,,,,,,gültig
202012,"06010206",Stadtpark,7694,"06",,,,,,,,,,,,,,,,,,,,,,,,,,,,0,1,1.93,2,3,40.68,2,3,,,,,,,,,,,,,,gültig
202012,"06010207",Mittelstraße,8008,"06",,,,,,,,,,,,,,,,,,,,,,,,,,,,1.38,2,1.92,2,3,40.7,2,3,,,,,,,,,,,,,,gültig
202012,"06010208",Bergstraße,6824,"06",,,,,,,,,,,,,,,,,,,,,,,,,,,,0.87,1,1.87,2,3,40.96,2,3,,,,,,,,,,,,,,gültig
202012,"06010209",Feuerbachstraße,9339,"06",,,,,,,,,,,,,,,,,,,,,,,,,,,,5.79,2,1.84,2,3,38.6,2,2,,,,,,,,,,,,,,gültig
202012,"06010210",Bismarckstraße,4868,"06",,,,,,,,,,,,,,,,,,,,,,,,,,,,1.62,2,1.9,2,3,38.62,2,2,,,,,,,,,,,,,,gültig
202012,"06020301",Alt-Lankwitz,4937,"06",,,,,,,,,,,,,,,,,,,,,,,,,,,,0,1,2.01,2,4,42.49,2,3,,,,,,,,,,,,,,gültig
202012,"06020302",Komponistenviertel Lankwitz,6097,"06",,,,,,,,,,,,,,,,,,,,,,,,,,,,2.6,2,1.76,2,3,39.19,2,2,,,,,,,,,,,,,,gültig
202012,"06020303",Lankwitz Kirche,7410,"06",,,,,,,,,,,,,,,,,,,,,,,,,,,,15.1,3,1.83,2,3,37,2,2,,,,,,,,,,,,,,gültig
202012,"06020304",Kaiser-Wilhelm-Straße,7313,"06",,,,,,,,,,,,,,,,,,,,,,,,,,,,29.35,3,1.84,2,3,37.7,2,2,,,,,,,,,,,,,,gültig
202012,"06020305",Gemeindepark Lankwitz,11399,"06",,,,,,,,,,,,,,,,,,,,,,,,,,,,5.55,2,1.74,2,2,35.03,2,2,,,,,,,,,,,,,,gültig
202012,"06020306",Lankwitz Süd,6402,"06",,,,,,,,,,,,,,,,,,,,,,,,,,,,8.72,2,2.11,3,4,45.89,2,4,,,,,,,,,,,,,,gültig
202012,"06020407",Thermometersiedlung,4636,"06",,,,,,,,,,,,,,,,,,,,,,,,,,,,0,1,1.73,2,2,34.18,2,1,,,,,,,,,,,,,,gültig
202012,"06020408",Lichterfelde Süd,7055,"06",,,,,,,,,,,,,,,,,,,,,,,,,,,,12.6,2,2,2,3,40.52,2,3,,,,,,,,,,,,,,gültig
202012,"06020409",Königsberger Straße,8349,"06",,,,,,,,,,,,,,,,,,,,,,,,,,,,0.46,1,1.91,2,3,43.17,2,3,,,,,,,,,,,,,,gültig
202012,"06020410",Oberhofer Platz,7062,"06",,,,,,,,,,,,,,,,,,,,,,,,,,,,0.17,1,2.1,3,4,46.93,3,4,,,,,,,,,,,,,,gültig
202012,"06020411",Schütte-Lanz-Straße,8627,"06",,,,,,,,,,,,,,,,,,,,,,,,,,,,23.43,3,1.99,2,3,42.67,2,3,,,,,,,,,,,,,,gültig
202012,"06030501",Berlepschstraße,5670,"06",,,,,,,,,,,,,,,,,,,,,,,,,,,,0,1,2.06,2,4,44.96,2,3,,,,,,,,,,,,,,gültig
202012,"06030502",Zehlendorf Süd,5616,"06",,,,,,,,,,,,,,,,,,,,,,,,,,,,8.19,2,1.88,2,3,37.11,2,2,,,,,,,,,,,,,,gültig
202012,"06030503",Zehlendorf Mitte,11696,"06",,,,,,,,,,,,,,,,,,,,,,,,,,,,3.7,2,2.11,3,4,44.37,2,3,,,,,,,,,,,,,,gültig
202012,"06030504",Teltower Damm,11050,"06",,,,,,,,,,,,,,,,,,,,,,,,,,,,0.26,1,2.14,3,4,48.18,3,4,,,,,,,,,,,,,,gültig
202012,"06030605",Botanischer Garten,7088,"06",,,,,,,,,,,,,,,,,,,,,,,,,,,,0.58,1,1.98,2,3,44.59,2,3,,,,,,,,,,,,,,gültig
202012,"06030606",Hindenburgdamm,5612,"06",,,,,,,,,,,,,,,,,,,,,,,,,,,,6.2,2,1.6,2,2,35.21,2,2,,,,,,,,,,,,,,gültig
202012,"06030607",Goerzwerke,3152,"06",,,,,,,,,,,,,,,,,,,,,,,,,,,,0,1,1.71,2,2,34.43,2,1,,,,,,,,,,,,,,gültig
202012,"06030608",Schweizer Viertel,13747,"06",,,,,,,,,,,,,,,,,,,,,,,,,,,,0.45,1,1.83,2,3,42.39,2,3,,,,,,,,,,,,,,gültig
202012,"06030609",Augustaplatz,12046,"06",,,,,,,,,,,,,,,,,,,,,,,,,,,,4,2,1.99,2,3,44.71,2,3,,,,,,,,,,,,,,gültig
202012,"06030610",Lichterfelde West,8511,"06",,,,,,,,,,,,,,,,,,,,,,,,,,,,1.14,2,2.08,3,4,49.11,3,4,,,,,,,,,,,,,,gültig
202012,"06040701",Wannsee,10126,"06",,,,,,,,,,,,,,,,,,,,,,,,,,,,1.68,2,2.2,3,4,54.11,4,5,,,,,,,,,,,,,,gültig
202012,"06040702",Düppel,5234,"06",,,,,,,,,,,,,,,,,,,,,,,,,,,,9.41,2,1.97,2,3,45.03,2,4,,,,,,,,,,,,,,gültig
202012,"06040703",Nikolassee,11498,"06",,,,,,,,,,,,,,,,,,,,,,,,,,,,5.4,2,1.99,2,3,48.34,3,4,,,,,,,,,,,,,,gültig
202012,"06040804",Krumme Lanke,7511,"06",,,,,,,,,,,,,,,,,,,,,,,,,,,,0,1,2.47,4,5,59.05,4,5,,,,,,,,,,,,,,gültig
202012,"06040805",Fischerhüttenstraße,5278,"06",,,,,,,,,,,,,,,,,,,,,,,,,,,,0.56,1,2.23,4,4,51.88,4,5,,,,,,,,,,,,,,gültig
202012,"06040806",Fischtal,7266,"06",,,,,,,,,,,,,,,,,,,,,,,,,,,,0,1,2.15,3,4,44.08,2,3,,,,,,,,,,,,,,gültig
202012,"06040807",Zehlendorf Eiche,5958,"06",,,,,,,,,,,,,,,,,,,,,,,,,,,,0,1,2.13,3,4,49.2,3,4,,,,,,,,,,,,,,gültig
202012,"06040808",Hüttenweg,4810,"06",,,,,,,,,,,,,,,,,,,,,,,,,,,,0,1,1.77,2,3,43.11,2,3,,,,,,,,,,,,,,gültig
202012,"06040809",Thielallee,4902,"06",,,,,,,,,,,,,,,,,,,,,,,,,,,,0,1,2.17,3,4,55.22,4,5,,,,,,,,,,,,,,gültig
202012,"06040810",Dahlem,7204,"06",,,,,,,,,,,,,,,,,,,,,,,,,,,,2.72,2,2.35,4,5,65.1,4,5,,,,,,,,,,,,,,gültig
202012,"07010101",Wittenbergplatz/Viktoria-Luise-Platz,9808,"07",,,,,,,,,,,,,,,,,,,,,,,,,,,,6.98,2,1.93,2,3,45.65,2,4,,,,,,,,,,,,,,gültig
202012,"07010102",Nollendorfplatz,16387,"07",,,,,,,,,,,,,,,,,,,,,,,,,,,,25.08,3,1.74,2,2,38.69,2,2,,,,,,,,,,,,,,gültig
202012,"07010103",Barbarossaplatz,10468,"07",,,,,,,,,,,,,,,,,,,,,,,,,,,,2.45,2,1.88,2,3,42.47,2,3,,,,,,,,,,,,,,gültig
202012,"07010104",Dennewitzplatz,13480,"07",,,,,,,,,,,,,,,,,,,,,,,,,,,,34.31,4,1.68,2,2,36.7,2,2,,,,,,,,,,,,,,gültig
202012,"07020201",Bayerischer Platz,10578,"07",,,,,,,,,,,,,,,,,,,,,,,,,,,,7.91,2,2.07,2,4,45.87,2,4,,,,,,,,,,,,,,gültig
202012,"07020202",Volkspark (Rudolf-Wilde-Park),10501,"07",,,,,,,,,,,,,,,,,,,,,,,,,,,,12.87,2,1.69,2,2,37.98,2,2,,,,,,,,,,,,,,gültig
202012,"07020203",Kaiser-Wilhelm-Platz,17811,"07",,,,,,,,,,,,,,,,,,,,,,,,,,,,9.42,2,1.73,2,2,40.56,2,3,,,,,,,,,,,,,,gültig
202012,"07020204",Schöneberger Insel,12716,"07",,,,,,,,,,,,,,,,,,,,,,,,,,,,1.7,2,1.82,2,3,41.19,2,3,,,,,,,,,,,,,,gültig
202012,"07030301",Friedenau,24466,"07",,,,,,,,,,,,,,,,,,,,,,,,,,,,1.47,2,2,2,3,45.29,2,4,,,,,,,,,,,,,,gültig
202012,"07030302",Ceciliengärten,9371,"07",,,,,,,,,,,,,,,,,,,,,,,,,,,,4.81,2,2,2,3,43.32,2,3,,,,,,,,,,,,,,gültig
202012,"07030303",Grazer Platz,12302,"07",,,,,,,,,,,,,,,,,,,,,,,,,,,,0.68,1,1.79,2,3,36.8,2,2,,,,,,,,,,,,,,gültig
202012,"07040401",Neu-Tempelhof,17502,"07",,,,,,,,,,,,,,,,,,,,,,,,,,,,34.25,4,1.71,2,2,38.6,2,2,,,,,,,,,,,,,,gültig
202012,"07040402",Lindenhofsiedlung,2255,"07",,,,,,,,,,,,,,,,,,,,,,,,,,,,0,1,2.03,2,4,35.88,2,2,,,,,,,,,,,,,,gültig
202012,"07040403",Manteuffelstraße,24582,"07",,,,,,,,,,,,,,,,,,,,,,,,,,,,8.08,2,1.77,2,3,36.39,2,2,,,,,,,,,,,,,,gültig
202012,"07040404",Marienhöhe,5114,"07",,,,,,,,,,,,,,,,,,,,,,,,,,,,0,1,2.08,2,4,39.38,2,2,,,,,,,,,,,,,,gültig
202012,"07040405",Rathaus Tempelhof,11104,"07",,,,,,,,,,,,,,,,,,,,,,,,,,,,4.3,2,1.6,2,2,34.61,2,1,,,,,,,,,,,,,,gültig
202012,"07040406",Germaniagarten,3980,"07",,,,,,,,,,,,,,,,,,,,,,,,,,,,0,1,1.45,1,1,31.05,1,1,,,,,,,,,,,,,,gültig
202012,"07050501",Rathausstraße,17028,"07",,,,,,,,,,,,,,,,,,,,,,,,,,,,10.84,2,1.73,2,2,35.09,2,2,,,,,,,,,,,,,,gültig
202012,"07050502",Fritz-Werner-Straße,8141,"07",,,,,,,,,,,,,,,,,,,,,,,,,,,,29.25,3,1.68,2,2,34.75,2,1,,,,,,,,,,,,,,gültig
202012,"07050503",Eisenacher Straße,9101,"07",,,,,,,,,,,,,,,,,,,,,,,,,,,,4.54,2,1.88,2,3,36.8,2,2,,,,,,,,,,,,,,gültig
202012,"07050504",Imbrosweg,5653,"07",,,,,,,,,,,,,,,,,,,,,,,,,,,,0,1,1.7,2,2,37.41,2,2,,,,,,,,,,,,,,gültig
202012,"07050505",Hundsteinweg,10584,"07",,,,,,,,,,,,,,,,,,,,,,,,,,,,6.77,2,1.81,2,3,38.91,2,2,,,,,,,,,,,,,,gültig
202012,"07050506",Birnhornweg,2233,"07",,,,,,,,,,,,,,,,,,,,,,,,,,,,0,1,2.14,3,4,48.29,3,4,,,,,,,,,,,,,,gültig
202012,"07060601",Marienfelder Allee Nordwest,10193,"07",,,,,,,,,,,,,,,,,,,,,,,,,,,,17.75,3,1.59,2,2,32.38,2,1,,,,,,,,,,,,,,gültig
202012,"07060602",Kirchstraße,4740,"07",,,,,,,,,,,,,,,,,,,,,,,,,,,,4.33,2,2.02,2,4,43.97,2,3,,,,,,,,,,,,,,gültig
202012,"07060603",Marienfelde Nordost,2869,"07",,,,,,,,,,,,,,,,,,,,,,,,,,,,0,1,1.75,2,3,36.7,2,2,,,,,,,,,,,,,,gültig
202012,"07060604",Marienfelde Süd,14462,"07",,,,,,,,,,,,,,,,,,,,,,,,,,,,44.31,4,1.74,2,2,36.39,2,2,,,,,,,,,,,,,,gültig
202012,"07070701",Kettinger Straße/Schillerstraße,10498,"07",,,,,,,,,,,,,,,,,,,,,,,,,,,,6.37,2,2.04,2,4,43.88,2,3,,,,,,,,,,,,,,gültig
202012,"07070702",Alt-Lichtenrade/Töpchiner Weg,10895,"07",,,,,,,,,,,,,,,,,,,,,,,,,,,,11.25,2,1.92,2,3,41.57,2,3,,,,,,,,,,,,,,gültig
202012,"07070703",John-Locke-Straße,8485,"07",,,,,,,,,,,,,,,,,,,,,,,,,,,,42.89,4,1.69,2,2,39.78,2,2,,,,,,,,,,,,,,gültig
202012,"07070704",Nahariyastraße,8431,"07",,,,,,,,,,,,,,,,,,,,,,,,,,,,20.63,3,1.57,1,2,35.76,2,2,,,,,,,,,,,,,,gültig
202012,"07070705",Franziusweg/Rohrbachstraße,6978,"07",,,,,,,,,,,,,,,,,,,,,,,,,,,,0,1,2.17,3,4,47.7,3,4,,,,,,,,,,,,,,gültig
202012,"07070706",Horstwalder Straße/Paplitzer Straße,3859,"07",,,,,,,,,,,,,,,,,,,,,,,,,,,,10.99,2,1.88,2,3,40.81,2,3,,,,,,,,,,,,,,gültig
202012,"07070707",Wittelsbacherstraße,2964,"07",,,,,,,,,,,,,,,,,,,,,,,,,,,,0,1,2.3,4,5,50.8,4,5,,,,,,,,,,,,,,gültig
202012,"08010115",Hasenheide,1010,"08",,,,,,,,,,,,,,,,,,,,,,,,,,,,0,1,1.61,2,2,40.77,2,3,,,,,,,,,,,,,,gültig
202012,"08010116",Wissmannstraße,3542,"08",,,,,,,,,,,,,,,,,,,,,,,,,,,,13.6,2,1.52,1,2,34.98,2,1,,,,,,,,,,,,,,gültig
202012,"08010117",Schillerpromenade,15688,"08",,,,,,,,,,,,,,,,,,,,,,,,,,,,6.46,2,1.62,2,2,34.36,2,1,,,,,,,,,,,,,,gültig
202012,"08010118",Silbersteinstraße,12240,"08",,,,,,,,,,,,,,,,,,,,,,,,,,,,9.58,2,1.4,1,1,30.37,1,1,,,,,,,,,,,,,,gültig
202012,"08010211",Flughafenstraße,9668,"08",,,,,,,,,,,,,,,,,,,,,,,,,,,,7.37,2,1.56,1,2,34.82,2,1,,,,,,,,,,,,,,gültig
202012,"08010212",Rollberg,7451,"08",,,,,,,,,,,,,,,,,,,,,,,,,,,,68.21,6,1.22,1,1,31.15,1,1,,,,,,,,,,,,,,gültig
202012,"08010213",Körnerpark,12288,"08",,,,,,,,,,,,,,,,,,,,,,,,,,,,5.07,2,1.53,1,2,33.12,2,1,,,,,,,,,,,,,,gültig
202012,"08010214",Glasower Straße,8524,"08",,,,,,,,,,,,,,,,,,,,,,,,,,,,2.31,2,1.42,1,1,30.12,1,1,,,,,,,,,,,,,,gültig
202012,"08010301",Reuterkiez,27007,"08",,,,,,,,,,,,,,,,,,,,,,,,,,,,4.65,2,1.64,2,2,36.66,2,2,,,,,,,,,,,,,,gültig
202012,"08010302",Bouchéstraße,3868,"08",,,,,,,,,,,,,,,,,,,,,,,,,,,,0,1,1.9,2,3,36.54,2,2,,,,,,,,,,,,,,gültig
202012,"08010303",Donaustraße,8264,"08",,,,,,,,,,,,,,,,,,,,,,,,,,,,3.26,2,1.54,1,2,33.4,2,1,,,,,,,,,,,,,,gültig
202012,"08010404",Rixdorf,23011,"08",,,,,,,,,,,,,,,,,,,,,,,,,,,,6.66,2,1.55,1,2,34.35,2,1,,,,,,,,,,,,,,gültig
202012,"08010405",Hertzbergplatz,8811,"08",,,,,,,,,,,,,,,,,,,,,,,,,,,,0.91,1,1.67,2,2,34.18,2,1,,,,,,,,,,,,,,gültig
202012,"08010406",Treptower Straße Nord,7100,"08",,,,,,,,,,,,,,,,,,,,,,,,,,,,4.3,2,1.47,1,1,29.25,1,1,,,,,,,,,,,,,,gültig
202012,"08010407",Gewerbegebiet Ederstraße,777,"08",,,,,,,,,,,,,,,,,,,,,,,,,,,,20.3,3,1.76,2,3,35.88,2,2,,,,,,,,,,,,,,gültig
202012,"08010508",Weiße Siedlung,5767,"08",,,,,,,,,,,,,,,,,,,,,,,,,,,,6.38,2,1.63,2,2,26.03,1,1,,,,,,,,,,,,,,gültig
202012,"08010509",Schulenburgpark,9172,"08",,,,,,,,,,,,,,,,,,,,,,,,,,,,37.02,4,1.26,1,1,27.16,1,1,,,,,,,,,,,,,,gültig
202012,"08010510",Gewerbegebiet Köllnische Heide,448,"08",,,,,,,,,,,,,,,,,,,,,,,,,,,,0,1,1.05,1,1,27.69,1,1,,,,,,,,,,,,,,gültig
202012,"08020619",Buschkrugallee Nord,11672,"08",,,,,,,,,,,,,,,,,,,,,,,,,,,,7.18,2,1.47,1,1,29.79,1,1,,,,,,,,,,,,,,gültig
202012,"08020620",Tempelhofer Weg,9329,"08",,,,,,,,,,,,,,,,,,,,,,,,,,,,26.21,3,1.59,2,2,32.76,2,1,,,,,,,,,,,,,,gültig
202012,"08020621",Mohriner Allee Nord,2341,"08",,,,,,,,,,,,,,,,,,,,,,,,,,,,0,1,2.06,2,4,45.58,2,4,,,,,,,,,,,,,,gültig
202012,"08020622",Parchimer Allee,14254,"08",,,,,,,,,,,,,,,,,,,,,,,,,,,,14.1,2,1.74,2,2,35.39,2,2,,,,,,,,,,,,,,gültig
202012,"08020623",Ortolanweg,1253,"08",,,,,,,,,,,,,,,,,,,,,,,,,,,,0,1,1.55,1,2,34.7,2,1,,,,,,,,,,,,,,gültig
202012,"08020624",Britzer Garten,1404,"08",,,,,,,,,,,,,,,,,,,,,,,,,,,,0,1,1.88,2,3,39.05,2,2,,,,,,,,,,,,,,gültig
202012,"08020625",Handwerker-Siedlung,3321,"08",,,,,,,,,,,,,,,,,,,,,,,,,,,,8.27,2,1.98,2,3,40.15,2,3,,,,,,,,,,,,,,gültig
202012,"08020726",Buckow West,8320,"08",,,,,,,,,,,,,,,,,,,,,,,,,,,,15.4,3,1.87,2,3,40.23,2,3,,,,,,,,,,,,,,gültig
202012,"08020727",Buckow Mitte,11578,"08",,,,,,,,,,,,,,,,,,,,,,,,,,,,13.93,2,1.89,2,3,38.41,2,2,,,,,,,,,,,,,,gültig
202012,"08020728",Buckow Ost,8698,"08",,,,,,,,,,,,,,,,,,,,,,,,,,,,26.6,3,1.77,2,3,37.06,2,2,,,,,,,,,,,,,,gültig
202012,"08030829",Gropiusstadt Nord,12534,"08",,,,,,,,,,,,,,,,,,,,,,,,,,,,0,1,1.61,2,2,34.1,2,1,,,,,,,,,,,,,,gültig
202012,"08030830",Gropiusstadt Süd,7303,"08",,,,,,,,,,,,,,,,,,,,,,,,,,,,0,1,1.63,2,2,38.4,2,2,,,,,,,,,,,,,,gültig
202012,"08030831",Gropiusstadt Ost,17754,"08",,,,,,,,,,,,,,,,,,,,,,,,,,,,60.76,6,1.62,2,2,33.52,2,1,,,,,,,,,,,,,,gültig
202012,"08040932",Goldhähnchenweg,2834,"08",,,,,,,,,,,,,,,,,,,,,,,,,,,,32.25,4,1.9,2,3,36.95,2,2,,,,,,,,,,,,,,gültig
202012,"08040933",Vogelviertel Süd,4103,"08",,,,,,,,,,,,,,,,,,,,,,,,,,,,5.95,2,1.95,2,3,40.93,2,3,,,,,,,,,,,,,,gültig
202012,"08040934",Vogelviertel Nord,2661,"08",,,,,,,,,,,,,,,,,,,,,,,,,,,,7.93,2,1.95,2,3,42.72,2,3,,,,,,,,,,,,,,gültig
202012,"08041035",Blumenviertel,8264,"08",,,,,,,,,,,,,,,,,,,,,,,,,,,,0.03,1,1.99,2,3,44.61,2,3,,,,,,,,,,,,,,gültig
202012,"08041036",Zittauer Straße,6844,"08",,,,,,,,,,,,,,,,,,,,,,,,,,,,6.51,2,2.06,2,4,44.17,2,3,,,,,,,,,,,,,,gültig
202012,"08041037",Alt-Rudow,9997,"08",,,,,,,,,,,,,,,,,,,,,,,,,,,,5.31,2,1.96,2,3,41.01,2,3,,,,,,,,,,,,,,gültig
202012,"08041038",Waßmannsdorfer Chaussee,7118,"08",,,,,,,,,,,,,,,,,,,,,,,,,,,,0.4,1,2,2,4,44.18,2,3,,,,,,,,,,,,,,gültig
202012,"08041039",Frauenviertel,3776,"08",,,,,,,,,,,,,,,,,,,,,,,,,,,,12.73,2,1.54,1,2,32.82,2,1,,,,,,,,,,,,,,gültig
202012,"08041040",Waltersdorfer Chaussee Ost,7951,"08",,,,,,,,,,,,,,,,,,,,,,,,,,,,29.43,3,1.82,2,3,38.5,2,2,,,,,,,,,,,,,,gültig
202012,"09010101",Elsenstraße,13104,"09",,,,,,,,,,,,,,,,,,,,,,,,,,,,16.81,3,1.58,1,2,35.71,2,2,,,,,,,,,,,,,,gültig
202012,"09010102",Am Treptower Park Nord,63,"09",-9999,-9999,-9999,-9999,-9999,-9999,-9999,-9999,-9999,-9999,-9999,-9999,-9999,-9999,-9999,-9999,-9999,-9999,-9999,-9999,-9999,-9999,-9999,-9999,-9999,-9999,-9999,-9999,-9999,-9999,-9999,-9999,-9999,-9999,-9999,-9999,-9999,-9999,-9999,-9999,-9999,-9999,-9999,-9999,-9999,-9999,-9999,-9999,ungültig (EW unter 300)
202012,"09010201",Am Treptower Park Süd,4375,"09",,,,,,,,,,,,,,,,,,,,,,,,,,,,21.24,3,1.87,2,3,39.72,2,2,,,,,,,,,,,,,,gültig
202012,"09010202",Köpenicker Landstraße,6924,"09",,,,,,,,,,,,,,,,,,,,,,,,,,,,29.98,3,1.95,2,3,34.99,2,1,,,,,,,,,,,,,,gültig
202012,"09010301",Baumschulenstraße,15796,"09",,,,,,,,,,,,,,,,,,,,,,,,,,,,10.11,2,1.91,2,3,36.83,2,2,,,,,,,,,,,,,,gültig
202012,"09010302",Späthsfelde,3098,"09",,,,,,,,,,,,,,,,,,,,,,,,,,,,6.06,2,1.76,2,3,39.22,2,2,,,,,,,,,,,,,,gültig
202012,"09010401",Johannisthal West,8480,"09",,,,,,,,,,,,,,,,,,,,,,,,,,,,20.7,3,1.95,2,3,37.87,2,2,,,,,,,,,,,,,,gültig
202012,"09010402",Johannisthal Ost,11480,"09",,,,,,,,,,,,,,,,,,,,,,,,,,,,25.42,3,1.79,2,3,39.28,2,2,,,,,,,,,,,,,,gültig
202012,"09020501",Oberschöneweide West,7535,"09",,,,,,,,,,,,,,,,,,,,,,,,,,,,11.08,2,1.55,1,2,34.41,2,1,,,,,,,,,,,,,,gültig
202012,"09020502",Oberschöneweide Ost,16103,"09",,,,,,,,,,,,,,,,,,,,,,,,,,,,34.09,4,1.78,2,3,35.54,2,2,,,,,,,,,,,,,,gültig
202012,"09020601",Schnellerstraße,9424,"09",,,,,,,,,,,,,,,,,,,,,,,,,,,,15.01,3,1.64,2,2,35.21,2,2,,,,,,,,,,,,,,gültig
202012,"09020602",Oberspree,3580,"09",,,,,,,,,,,,,,,,,,,,,,,,,,,,42.14,4,1.92,2,3,36.72,2,2,,,,,,,,,,,,,,gültig
202012,"09020701",Adlershof West,3059,"09",,,,,,,,,,,,,,,,,,,,,,,,,,,,24.57,3,1.17,1,1,30.29,1,1,,,,,,,,,,,,,,gültig
202012,"09020702",Adlershof Ost,17151,"09",,,,,,,,,,,,,,,,,,,,,,,,,,,,18.27,3,1.85,2,3,37.87,2,2,,,,,,,,,,,,,,gültig
202012,"09020801",Spindlersfeld,3061,"09",,,,,,,,,,,,,,,,,,,,,,,,,,,,53.56,5,2.09,3,4,39.31,2,2,,,,,,,,,,,,,,gültig
202012,"09020802",Köllnische Vorstadt,8292,"09",,,,,,,,,,,,,,,,,,,,,,,,,,,,30.05,4,1.83,2,3,35.45,2,2,,,,,,,,,,,,,,gültig
202012,"09030901",Dorf Altglienicke,14458,"09",,,,,,,,,,,,,,,,,,,,,,,,,,,,11.96,2,1.9,2,3,41.53,2,3,,,,,,,,,,,,,,gültig
202012,"09030902",Wohngebiet II,5660,"09",,,,,,,,,,,,,,,,,,,,,,,,,,,,76.27,6,1.69,2,2,31.44,1,1,,,,,,,,,,,,,,gültig
202012,"09030903",Kölner Viertel,8169,"09",,,,,,,,,,,,,,,,,,,,,,,,,,,,53.3,5,1.54,1,2,36.16,2,2,,,,,,,,,,,,,,gültig
202012,"09031001",Bohnsdorf,13167,"09",,,,,,,,,,,,,,,,,,,,,,,,,,,,12.26,2,2,2,3,41.52,2,3,,,,,,,,,,,,,,gültig
202012,"09031101",Grünau,7217,"09",,,,,,,,,,,,,,,,,,,,,,,,,,,,5.69,2,1.92,2,3,41.43,2,3,,,,,,,,,,,,,,gültig
202012,"09031201",Karolinenhof,1871,"09",,,,,,,,,,,,,,,,,,,,,,,,,,,,0,1,2.22,4,4,51.45,4,5,,,,,,,,,,,,,,gültig
202012,"09031202",Schmöckwitz/Rauchfangswerder,2571,"09",,,,,,,,,,,,,,,,,,,,,,,,,,,,0,1,2.19,3,4,50.93,4,5,,,,,,,,,,,,,,gültig
202012,"09041301",Kietzer Feld/Nachtheide,14506,"09",,,,,,,,,,,,,,,,,,,,,,,,,,,,22.89,3,2.15,3,4,40.34,2,3,,,,,,,,,,,,,,gültig
202012,"09041302",Wendenschloß,1911,"09",,,,,,,,,,,,,,,,,,,,,,,,,,,,0.31,1,2.2,3,4,52.9,4,5,,,,,,,,,,,,,,gültig
202012,"09041401",Allende I,4802,"09",,,,,,,,,,,,,,,,,,,,,,,,,,,,35.06,4,1.8,2,3,40.93,2,3,,,,,,,,,,,,,,gültig
202012,"09041402",Allende II,1569,"09",,,,,,,,,,,,,,,,,,,,,,,,,,,,0,1,1.98,2,3,39.63,2,2,,,,,,,,,,,,,,gültig
202012,"09041501",Altstadt Kietz,7980,"09",,,,,,,,,,,,,,,,,,,,,,,,,,,,50.87,5,1.79,2,3,35.69,2,2,,,,,,,,,,,,,,gültig
202012,"09041601",Müggelheim,6867,"09",,,,,,,,,,,,,,,,,,,,,,,,,,,,0,1,2.07,2,4,46.67,3,4,,,,,,,,,,,,,,gültig
202012,"09051701",Hirschgarten,4062,"09",,,,,,,,,,,,,,,,,,,,,,,,,,,,37.22,4,2.08,2,4,39.28,2,2,,,,,,,,,,,,,,gültig
202012,"09051702",Bölschestraße,14947,"09",,,,,,,,,,,,,,,,,,,,,,,,,,,,23.84,3,2.01,2,4,40.71,2,3,,,,,,,,,,,,,,gültig
202012,"09051801",Rahnsdorf/Hessenwinkel,9856,"09",,,,,,,,,,,,,,,,,,,,,,,,,,,,6.74,2,2.08,2,4,47.6,3,4,,,,,,,,,,,,,,gültig
202012,"09051901",Dammvorstadt,11733,"09",,,,,,,,,,,,,,,,,,,,,,,,,,,,8.3,2,1.91,2,3,41.86,2,3,,,,,,,,,,,,,,gültig
202012,"09052001",Köpenick Nord,13294,"09",,,,,,,,,,,,,,,,,,,,,,,,,,,,10.46,2,2.24,4,4,42.67,2,3,,,,,,,,,,,,,,gültig
202012,"10010101",Marzahn West,5709,"10",,,,,,,,,,,,,,,,,,,,,,,,,,,,93.98,6,1.92,2,3,32.83,2,1,,,,,,,,,,,,,,gültig
202012,"10010102",Havemannstraße,18613,"10",,,,,,,,,,,,,,,,,,,,,,,,,,,,51.17,5,1.84,2,3,32.19,2,1,,,,,,,,,,,,,,gültig
202012,"10010203",Gewerbegebiet Bitterfelder Straße,1262,"10",-9999,-9999,-9999,-9999,-9999,-9999,-9999,-9999,-9999,-9999,-9999,-9999,-9999,-9999,-9999,-9999,-9999,-9999,-9999,-9999,-9999,-9999,-9999,-9999,-9999,-9999,-9999,-9999,-9999,-9999,-9999,-9999,-9999,-9999,-9999,-9999,-9999,-9999,-9999,-9999,-9999,-9999,-9999,-9999,-9999,-9999,-9999,-9999,ungültig (Ausreißer)
202012,"10010204",Wuhletalstraße,10586,"10",,,,,,,,,,,,,,,,,,,,,,,,,,,,21.54,3,1.98,2,3,33.04,2,1,,,,,,,,,,,,,,gültig
202012,"10010205",Marzahn Ost,8198,"10",,,,,,,,,,,,,,,,,,,,,,,,,,,,29.99,3,1.99,2,3,35.18,2,2,,,,,,,,,,,,,,gültig
202012,"10010206",Ringkolonnaden,17316,"10",,,,,,,,,,,,,,,,,,,,,,,,,,,,24,3,2.09,3,4,36.14,2,2,,,,,,,,,,,,,,gültig
202012,"10010207",Marzahner Promenade,10782,"10",,,,,,,,,,,,,,,,,,,,,,,,,,,,56.23,5,1.96,2,3,34.71,2,1,,,,,,,,,,,,,,gültig
202012,"10010308",Marzahner Chaussee,2228,"10",,,,,,,,,,,,,,,,,,,,,,,,,,,,23.41,3,2.03,2,4,42.36,2,3,,,,,,,,,,,,,,gültig
202012,"10010309",Springpfuhl,14860,"10",,,,,,,,,,,,,,,,,,,,,,,,,,,,31.62,4,2.12,3,4,35.92,2,2,,,,,,,,,,,,,,gültig
202012,"10010310",Alt-Marzahn,18273,"10",,,,,,,,,,,,,,,,,,,,,,,,,,,,18.66,3,2.07,2,4,37.57,2,2,,,,,,,,,,,,,,gültig
202012,"10010311",Landsberger Tor,3681,"10",,,,,,,,,,,,,,,,,,,,,,,,,,,,24.84,3,1.47,1,1,36.16,2,2,,,,,,,,,,,,,,gültig
202012,"10020412",Alte Hellersdorfer Straße,7171,"10",,,,,,,,,,,,,,,,,,,,,,,,,,,,23.87,3,1.36,1,1,31.12,1,1,,,,,,,,,,,,,,gültig
202012,"10020413",Gut Hellersdorf,16168,"10",,,,,,,,,,,,,,,,,,,,,,,,,,,,48.02,5,1.61,2,2,32.56,2,1,,,,,,,,,,,,,,gültig
202012,"10020414",Helle Mitte,1716,"10",,,,,,,,,,,,,,,,,,,,,,,,,,,,0,1,1.45,1,1,31.18,1,1,,,,,,,,,,,,,,gültig
202012,"10020415",Hellersdorfer Promenade,6503,"10",,,,,,,,,,,,,,,,,,,,,,,,,,,,31.93,4,1.62,2,2,29.82,1,1,,,,,,,,,,,,,,gültig
202012,"10020416",Böhlener Straße,5929,"10",,,,,,,,,,,,,,,,,,,,,,,,,,,,13.8,2,1.73,2,2,31.41,1,1,,,,,,,,,,,,,,gültig
202012,"10020517",Adele-Sandrock-Straße,9975,"10",,,,,,,,,,,,,,,,,,,,,,,,,,,,30.3,4,2.11,3,4,37.05,2,2,,,,,,,,,,,,,,gültig
202012,"10020518",Schleipfuhl,5317,"10",,,,,,,,,,,,,,,,,,,,,,,,,,,,99.61,6,1.32,1,1,30.79,1,1,,,,,,,,,,,,,,gültig
202012,"10020519",Boulevard Kastanienallee,6111,"10",,,,,,,,,,,,,,,,,,,,,,,,,,,,0,1,1.81,2,3,29.78,1,1,,,,,,,,,,,,,,gültig
202012,"10020620",Kaulsdorf Nord II,3465,"10",,,,,,,,,,,,,,,,,,,,,,,,,,,,2.93,2,2.13,3,4,34.73,2,1,,,,,,,,,,,,,,gültig
202012,"10020621",Gelbes Viertel,6342,"10",,,,,,,,,,,,,,,,,,,,,,,,,,,,86.28,6,1.42,1,1,32.22,2,1,,,,,,,,,,,,,,gültig
202012,"10020622",Kaulsdorf Nord I,8919,"10",,,,,,,,,,,,,,,,,,,,,,,,,,,,6.89,2,2.01,2,4,32.35,2,1,,,,,,,,,,,,,,gültig
202012,"10020623",Rotes Viertel,6487,"10",,,,,,,,,,,,,,,,,,,,,,,,,,,,83.75,6,1.56,1,2,35.92,2,2,,,,,,,,,,,,,,gültig
202012,"10030724",Oberfeldstraße,7805,"10",,,,,,,,,,,,,,,,,,,,,,,,,,,,1.21,2,2.07,2,4,44.91,2,3,,,,,,,,,,,,,,gültig
202012,"10030725",Buckower Ring,6952,"10",,,,,,,,,,,,,,,,,,,,,,,,,,,,42.14,4,1.96,2,3,35.44,2,2,,,,,,,,,,,,,,gültig
202012,"10030726",Alt-Biesdorf,3938,"10",,,,,,,,,,,,,,,,,,,,,,,,,,,,22.9,3,1.81,2,3,38.16,2,2,,,,,,,,,,,,,,gültig
202012,"10030727",Biesdorf Süd,10260,"10",,,,,,,,,,,,,,,,,,,,,,,,,,,,0,1,1.99,2,3,44.81,2,3,,,,,,,,,,,,,,gültig
202012,"10040828",Kaulsdorf Nord,7807,"10",,,,,,,,,,,,,,,,,,,,,,,,,,,,1.72,2,2.03,2,4,45.41,2,4,,,,,,,,,,,,,,gültig
202012,"10040829",Alt-Kaulsdorf,3868,"10",,,,,,,,,,,,,,,,,,,,,,,,,,,,0,1,1.93,2,3,42.52,2,3,,,,,,,,,,,,,,gültig
202012,"10040830",Kaulsdorf Süd,7733,"10",,,,,,,,,,,,,,,,,,,,,,,,,,,,0.06,1,2.14,3,4,47.75,3,4,,,,,,,,,,,,,,gültig
202012,"10040931",Mahlsdorf Nord,9921,"10",,,,,,,,,,,,,,,,,,,,,,,,,,,,0.12,1,2.08,2,4,45.76,2,4,,,,,,,,,,,,,,gültig
202012,"10040932",Alt-Mahlsdorf,4457,"10",,,,,,,,,,,,,,,,,,,,,,,,,,,,4.75,2,2,2,3,44.79,2,3,,,,,,,,,,,,,,gültig
202012,"10040933",Mahlsdorf Süd,15379,"10",,,,,,,,,,,,,,,,,,,,,,,,,,,,0,1,2.15,3,4,47.89,3,4,,,,,,,,,,,,,,gültig
202012,"11010101",Dorf Malchow,649,"11",,,,,,,,,,,,,,,,,,,,,,,,,,,,28.82,3,1.47,1,1,31.37,1,1,,,,,,,,,,,,,,gültig
202012,"11010102",Dorf Wartenberg,2653,"11",,,,,,,,,,,,,,,,,,,,,,,,,,,,2.48,2,2.1,3,4,45.44,2,4,,,,,,,,,,,,,,gültig
202012,"11010103",Dorf Falkenberg,2189,"11",,,,,,,,,,,,,,,,,,,,,,,,,,,,40.19,4,1.56,1,2,36.88,2,2,,,,,,,,,,,,,,gültig
202012,"11010204",Falkenberg Ost,8986,"11",,,,,,,,,,,,,,,,,,,,,,,,,,,,54.25,5,1.85,2,3,32.49,2,1,,,,,,,,,,,,,,gültig
202012,"11010205",Falkenberg West,7052,"11",,,,,,,,,,,,,,,,,,,,,,,,,,,,44.15,4,1.86,2,3,32.86,2,1,,,,,,,,,,,,,,gültig
202012,"11010206",Wartenberg Süd,6095,"11",,,,,,,,,,,,,,,,,,,,,,,,,,,,66.5,6,2,2,3,33.24,2,1,,,,,,,,,,,,,,gültig
202012,"11010207",Wartenberg Nord,7609,"11",,,,,,,,,,,,,,,,,,,,,,,,,,,,91.63,6,1.89,2,3,29.46,1,1,,,,,,,,,,,,,,gültig
202012,"11010308",Zingster Straße Ost,11690,"11",,,,,,,,,,,,,,,,,,,,,,,,,,,,36.26,4,1.84,2,3,33.32,2,1,,,,,,,,,,,,,,gültig
202012,"11010309",Zingster Straße West,9583,"11",,,,,,,,,,,,,,,,,,,,,,,,,,,,88.07,6,1.87,2,3,32.73,2,1,,,,,,,,,,,,,,gültig
202012,"11010310",Mühlengrund,5825,"11",,,,,,,,,,,,,,,,,,,,,,,,,,,,8.32,2,2.08,3,4,37.83,2,2,,,,,,,,,,,,,,gültig
202012,"11020411",Malchower Weg,9998,"11",,,,,,,,,,,,,,,,,,,,,,,,,,,,38.84,4,1.82,2,3,38.02,2,2,,,,,,,,,,,,,,gültig
202012,"11020412",Hauptstraße,6856,"11",,,,,,,,,,,,,,,,,,,,,,,,,,,,43.38,4,1.84,2,3,33.93,2,1,,,,,,,,,,,,,,gültig
202012,"11020513",Orankesee,3898,"11",,,,,,,,,,,,,,,,,,,,,,,,,,,,23.39,3,1.68,2,2,38.39,2,2,,,,,,,,,,,,,,gültig
202012,"11020514",Große-Leege-Straße,9897,"11",,,,,,,,,,,,,,,,,,,,,,,,,,,,48.71,5,1.88,2,3,35.84,2,2,,,,,,,,,,,,,,gültig
202012,"11020515",Landsberger Allee,15296,"11",,,,,,,,,,,,,,,,,,,,,,,,,,,,33.47,4,1.82,2,3,34.61,2,1,,,,,,,,,,,,,,gültig
202012,"11020516",Weiße Taube,4125,"11",,,,,,,,,,,,,,,,,,,,,,,,,,,,0,1,1.71,2,2,38.55,2,2,,,,,,,,,,,,,,gültig
202012,"11030617",Hohenschönhausener Straße,6058,"11",,,,,,,,,,,,,,,,,,,,,,,,,,,,25.94,3,1.93,2,3,32.55,2,1,,,,,,,,,,,,,,gültig
202012,"11030618",Fennpfuhl West,16427,"11",,,,,,,,,,,,,,,,,,,,,,,,,,,,31.12,4,1.95,2,3,34.93,2,1,,,,,,,,,,,,,,gültig
202012,"11030619",Fennpfuhl Ost,11266,"11",,,,,,,,,,,,,,,,,,,,,,,,,,,,27.37,3,1.88,2,3,33.27,2,1,,,,,,,,,,,,,,gültig
202012,"11030720",Herzbergstraße,6359,"11",,,,,,,,,,,,,,,,,,,,,,,,,,,,29.67,3,1.38,1,1,29.75,1,1,,,,,,,,,,,,,,gültig
202012,"11030721",Rüdigerstraße,25044,"11",,,,,,,,,,,,,,,,,,,,,,,,,,,,32.82,4,1.75,2,3,35.13,2,2,,,,,,,,,,,,,,gültig
202012,"11030824",Frankfurter Allee Süd,9956,"11",,,,,,,,,,,,,,,,,,,,,,,,,,,,49.83,5,1.87,2,3,33.26,2,1,,,,,,,,,,,,,,gültig
202012,"11040925",Victoriastadt,4218,"11",,,,,,,,,,,,,,,,,,,,,,,,,,,,12.58,2,1.61,2,2,37.03,2,2,,,,,,,,,,,,,,gültig
202012,"11040926",Weitlingstraße,29849,"11",,,,,,,,,,,,,,,,,,,,,,,,,,,,25.66,3,1.88,2,3,36.54,2,2,,,,,,,,,,,,,,gültig
202012,"11041022",Rosenfelder Ring,5824,"11",,,,,,,,,,,,,,,,,,,,,,,,,,,,9.28,2,1.82,2,3,37.05,2,2,,,,,,,,,,,,,,gültig
202012,"11041023",Gensinger Straße,6756,"11",,,,,,,,,,,,,,,,,,,,,,,,,,,,22.35,3,1.74,2,2,32.54,2,1,,,,,,,,,,,,,,gültig
202012,"11041027",Tierpark,3195,"11",,,,,,,,,,,,,,,,,,,,,,,,,,,,40.27,4,1.75,2,3,33.72,2,1,,,,,,,,,,,,,,gültig
202012,"11041128",Sewanstraße,27002,"11",,,,,,,,,,,,,,,,,,,,,,,,,,,,45.09,5,1.91,2,3,35.12,2,2,,,,,,,,,,,,,,gültig
202012,"11051229",Rummelsburg,4244,"11",,,,,,,,,,,,,,,,,,,,,,,,,,,,23.24,3,1.66,2,2,39.3,2,2,,,,,,,,,,,,,,gültig
202012,"11051330",Karlshorst West,10346,"11",,,,,,,,,,,,,,,,,,,,,,,,,,,,38.25,4,1.67,2,2,35.25,2,2,,,,,,,,,,,,,,gültig
202012,"11051331",Karlshorst Nord,10640,"11",,,,,,,,,,,,,,,,,,,,,,,,,,,,21.83,3,2.05,2,4,42.52,2,3,,,,,,,,,,,,,,gültig
202012,"11051332",Karlshorst Süd,7252,"11",,,,,,,,,,,,,,,,,,,,,,,,,,,,8.44,2,1.87,2,3,41.63,2,3,,,,,,,,,,,,,,gültig
202012,"12103115",Breitkopfbecken,7702,"12",,,,,,,,,,,,,,,,,,,,,,,,,,,,2.85,2,1.72,2,2,34.24,2,1,,,,,,,,,,,,,,gültig
202012,"12103116",Hausotterplatz,9986,"12",,,,,,,,,,,,,,,,,,,,,,,,,,,,0.42,1,1.5,1,2,30.44,1,1,,,,,,,,,,,,,,gültig
202012,"12103117",Letteplatz,10985,"12",,,,,,,,,,,,,,,,,,,,,,,,,,,,11.33,2,1.57,1,2,31.54,1,1,,,,,,,,,,,,,,gültig
202012,"12103218",Teichstraße,14057,"12",,,,,,,,,,,,,,,,,,,,,,,,,,,,1.23,2,1.63,2,2,32.09,1,1,,,,,,,,,,,,,,gültig
202012,"12103219",Schäfersee,8869,"12",,,,,,,,,,,,,,,,,,,,,,,,,,,,0.06,1,1.72,2,2,34.19,2,1,,,,,,,,,,,,,,gültig
202012,"12103220",Humboldtstraße,4661,"12",,,,,,,,,,,,,,,,,,,,,,,,,,,,0.88,1,2.03,2,4,36.51,2,2,,,,,,,,,,,,,,gültig
202012,"12214125",Waldidyll/Flughafensee,7783,"12",,,,,,,,,,,,,,,,,,,,,,,,,,,,1.81,2,1.86,2,3,39.72,2,2,,,,,,,,,,,,,,gültig
202012,"12214126",Tegel Süd,8091,"12",,,,,,,,,,,,,,,,,,,,,,,,,,,,68.54,6,1.81,2,3,33.15,2,1,,,,,,,,,,,,,,gültig
202012,"12214421",Reinickes Hof,2753,"12",,,,,,,,,,,,,,,,,,,,,,,,,,,,0,1,1.75,2,2,33.88,2,1,,,,,,,,,,,,,,gültig
202012,"12214422",Klixstraße,8270,"12",,,,,,,,,,,,,,,,,,,,,,,,,,,,44.46,4,1.53,1,2,29.68,1,1,,,,,,,,,,,,,,gültig
202012,"12214423",Mellerbogen,5667,"12",,,,,,,,,,,,,,,,,,,,,,,,,,,,2.32,2,1.89,2,3,35.98,2,2,,,,,,,,,,,,,,gültig
202012,"12214424",Scharnweberstraße,11022,"12",,,,,,,,,,,,,,,,,,,,,,,,,,,,1.69,2,1.69,2,2,32.81,2,1,,,,,,,,,,,,,,gültig
202012,"12214527",Alt-Tegel,10959,"12",,,,,,,,,,,,,,,,,,,,,,,,,,,,0.08,1,1.85,2,3,42.12,2,3,,,,,,,,,,,,,,gültig
202012,"12214528",Tegeler Forst,266,"12",-9999,-9999,-9999,-9999,-9999,-9999,-9999,-9999,-9999,-9999,-9999,-9999,-9999,-9999,-9999,-9999,-9999,-9999,-9999,-9999,-9999,-9999,-9999,-9999,-9999,-9999,-9999,-9999,-9999,-9999,-9999,-9999,-9999,-9999,-9999,-9999,-9999,-9999,-9999,-9999,-9999,-9999,-9999,-9999,-9999,-9999,-9999,-9999,ungültig (EW unter 300)
202012,"12224229",Konradshöhe/Tegelort,6011,"12",,,,,,,,,,,,,,,,,,,,,,,,,,,,0,1,2.23,4,4,51.49,4,5,,,,,,,,,,,,,,gültig
202012,"12224230",Heiligensee,18099,"12",,,,,,,,,,,,,,,,,,,,,,,,,,,,2.27,2,2.15,3,4,47.61,3,4,,,,,,,,,,,,,,gültig
202012,"12231101",Hermsdorf,16726,"12",,,,,,,,,,,,,,,,,,,,,,,,,,,,2.5,2,2.28,4,5,51.03,4,5,,,,,,,,,,,,,,gültig
202012,"12231102",Frohnau,16689,"12",,,,,,,,,,,,,,,,,,,,,,,,,,,,0.38,1,2.35,4,5,54.01,4,5,,,,,,,,,,,,,,gültig
202012,"12301203",Wittenau Süd,15001,"12",,,,,,,,,,,,,,,,,,,,,,,,,,,,2.08,2,1.78,2,3,35.21,2,2,,,,,,,,,,,,,,gültig
202012,"12301204",Wittenau Nord,6434,"12",,,,,,,,,,,,,,,,,,,,,,,,,,,,9.22,2,1.98,2,3,44.09,2,3,,,,,,,,,,,,,,gültig
202012,"12301205",Waidmannslust,5166,"12",,,,,,,,,,,,,,,,,,,,,,,,,,,,0,1,2.08,3,4,46.09,2,4,,,,,,,,,,,,,,gültig
202012,"12301206",Lübars,5160,"12",,,,,,,,,,,,,,,,,,,,,,,,,,,,3.56,2,2.09,3,4,46.16,2,4,,,,,,,,,,,,,,gültig
202012,"12302107",Schorfheidestraße,3065,"12",,,,,,,,,,,,,,,,,,,,,,,,,,,,19.07,3,1.9,2,3,40.97,2,3,,,,,,,,,,,,,,gültig
202012,"12302108",Märkisches Zentrum,14788,"12",,,,,,,,,,,,,,,,,,,,,,,,,,,,79.7,6,1.64,2,2,31.97,1,1,,,,,,,,,,,,,,gültig
202012,"12302109",Treuenbrietzener Straße,11610,"12",,,,,,,,,,,,,,,,,,,,,,,,,,,,99.96,6,1.52,1,2,29.61,1,1,,,,,,,,,,,,,,gültig
202012,"12302110",Dannenwalder Weg,10656,"12",,,,,,,,,,,,,,,,,,,,,,,,,,,,96.19,6,1.48,1,1,29.64,1,1,,,,,,,,,,,,,,gültig
202012,"12302211",Lübarser Straße,3310,"12",,,,,,,,,,,,,,,,,,,,,,,,,,,,28.58,3,2.01,2,4,41.63,2,3,,,,,,,,,,,,,,gültig
202012,"12302212",Rollbergesiedlung,5922,"12",,,,,,,,,,,,,,,,,,,,,,,,,,,,93.65,6,1.6,2,2,31.91,1,1,,,,,,,,,,,,,,gültig
202012,"12304313",Borsigwalde,6750,"12",,,,,,,,,,,,,,,,,,,,,,,,,,,,17.99,3,1.94,2,3,38.9,2,2,,,,,,,,,,,,,,gültig
202012,"12304314",Ziekowstraße/Freie Scholle,9665,"12",,,,,,,,,,,,,,,,,,,,,,,,,,,,13.5,2,2.17,3,4,41.71,2,3,,,,,,,,,,,,,,gültig
