,,,,Ist-Versorgung,,,,,,Ausbauprognose 2024,,,,,
,,,,"Gigabit-Versorgung
der Wohn- und Gewerbeeinheiten",,,"Glasfaser-Versorgung
der Wohn- und Gewerbeeinheiten",,,"Gigabit-Versorgung
der Wohn- und Gewerbeeinheiten",,,"Glasfaser-Versorgung
der Wohn- und Gewerbeeinheiten",,
"Bezirk
Nummer","Bezirk
Name","LOR
Planungsräume
Nummer","LOR
Planungsräume
Name",Anzahl,Anteil (%),Veränderung zum Vorjahr (%),Anzahl,Anteil (%),Veränderung zum Vorjahr (%),Anzahl,Anteil (%),Veränderung zum Vorjahr (%),Anzahl,Anteil (%),Veränderung zum Vorjahr (%)
01,Mitte,01100101,Stülerstraße, 2 613 , 98.3 , -   , 1 549 , 58.3 , -   , 2 613 , 98.3 , -   , 1 549 , 58.3 , -   
01,Mitte,01100102,Großer Tiergarten, 1 874 , 97.7 , -   , 1 463 , 76.2 , -   , 1 876 , 97.8 , 0.1 , 1 475 , 76.9 , 0.7 
01,Mitte,01100103,Lützowstraße, 3 430 , 99.8 , -   , 1 894 , 55.1 , -   , 3 430 , 99.8 , -   , 1 894 , 55.1 , -   
01,Mitte,01100104,Körnerstraße, 2 945 , 99.0 , -   , 2 744 , 92.3 , -   , 2 945 , 99.0 , -   , 2 745 , 92.3 , -   
01,Mitte,01100205,Wilhelmstraße, 2 172 , 98.7 , -   , 1 349 , 61.3 , -   , 2 172 , 98.7 , -   , 1 349 , 61.3 , -   
01,Mitte,01100206,Unter den Linden, 3 993 , 97.2 , -   , 3 487 , 84.9 , -   , 3 993 , 97.2 , -   , 3 487 , 84.9 , -   
01,Mitte,01100207,Leipziger Straße, 6 617 , 94.5 , -   , 5 062 , 72.3 , -   , 6 618 , 94.5 , -   , 5 065 , 72.3 , -   
01,Mitte,01100308,Charitéviertel, 6 073 , 92.6 , -   , 3 179 , 48.5 , -   , 6 204 , 94.6 , 2.0 , 3 544 , 54.0 , 5.5 
01,Mitte,01100309,Oranienburger Straße, 10 160 , 96.2 , -   , 6 243 , 59.1 , -   , 10 160 , 96.2 , -   , 6 243 , 59.1 , -   
01,Mitte,01100310,Alexanderplatzviertel, 7 075 , 97.5 , -   , 3 381 , 46.6 , -   , 7 075 , 97.5 , -   , 3 381 , 46.6 , -   
01,Mitte,01100311,Karl-Marx-Allee, 5 450 , 99.3 , -   , 3 792 , 69.1 , -   , 5 485 , 100.0 , 0.7 , 5 441 , 99.2 , 30.1 
01,Mitte,01100312,Heine-Viertel West, 6 505 , 98.7 , -   , 5 276 , 80.1 , -   , 6 505 , 98.7 , -   , 5 276 , 80.1 , -   
01,Mitte,01100313,Heine-Viertel Ost, 6 351 , 99.2 , -   , 5 972 , 93.3 , -   , 6 351 , 99.2 , -   , 5 972 , 93.3 , -   
01,Mitte,01100414,Nordbahnhof, 2 779 , 99.8 , -   , 1 232 , 44.2 , -   , 2 779 , 99.8 , -   , 1 250 , 44.9 , 0.7 
01,Mitte,01100415,Invalidenstraße, 8 824 , 93.9 , -   , 3 020 , 32.1 , -   , 8 952 , 95.2 , 1.3 , 4 680 , 49.8 , 17.7 
01,Mitte,01100416,Arkonaplatz, 8 723 , 100.0 , -   , 8 722 , 100.0 , -   , 8 723 , 100.0 , -   , 8 722 , 100.0 , -   
01,Mitte,01200517,Huttenkiez, 2 811 , 99.3 , -   , 2 193 , 77.5 , -   , 2 811 , 99.3 , -   , 2 193 , 77.5 , -   
01,Mitte,01200518,Beusselkiez, 3 914 , 100.0 , -   , 1 495 , 38.2 , -   , 3 914 , 100.0 , -   , 1 495 , 38.2 , -   
01,Mitte,01200519,Emdener Straße, 5 402 , 100.0 , -   , 5 402 , 100.0 , -   , 5 402 , 100.0 , -   , 5 402 , 100.0 , -   
01,Mitte,01200520,Bremer Straße, 5 802 , 100.0 , -   , 5 802 , 100.0 , -   , 5 802 , 100.0 , -   , 5 802 , 100.0 , -   
01,Mitte,01200521,Zwinglistraße, 2 981 , 100.0 , -   , 2 981 , 100.0 , -   , 2 981 , 100.0 , -   , 2 981 , 100.0 , -   
01,Mitte,01200522,Elberfelder Straße, 6 972 , 100.0 , -   , 6 972 , 100.0 , -   , 6 972 , 100.0 , -   , 6 972 , 100.0 , -   
01,Mitte,01200623,Stephankiez, 6 259 , 100.0 , -   , 6 259 , 100.0 , -   , 6 259 , 100.0 , -   , 6 259 , 100.0 , -   
01,Mitte,01200624,Heidestraße, 3 321 , 100.0 , -   , 3 274 , 98.6 , -   , 3 321 , 100.0 , -   , 3 274 , 98.6 , -   
01,Mitte,01200625,Lübecker Straße, 3 711 , 100.0 , -   , 3 711 , 100.0 , -   , 3 711 , 100.0 , -   , 3 711 , 100.0 , -   
01,Mitte,01200626,Thomasiusstraße, 3 927 , 100.0 , -   , 3 927 , 100.0 , -   , 3 927 , 100.0 , -   , 3 927 , 100.0 , -   
01,Mitte,01200627,Zillesiedlung, 1 488 , 100.0 , -   , 1 488 , 100.0 , -   , 1 488 , 100.0 , -   , 1 488 , 100.0 , -   
01,Mitte,01200628,Lüneburger Straße, 2 193 , 93.7 , -   , 1 432 , 61.2 , -   , 2 193 , 93.7 , -   , 1 432 , 61.2 , -   
01,Mitte,01200629,Hansaviertel, 3 498 , 100.0 , -   , 3 492 , 99.8 , -   , 3 498 , 100.0 , -   , 3 492 , 99.8 , -   
01,Mitte,01300730,Drontheimer Straße, 3 726 , 98.5 , -   , 439 , 11.6 , -   , 3 726 , 98.5 , -   , 439 , 11.6 , -   
01,Mitte,01300731,Koloniestraße, 4 149 , 97.3 , -   , 353 , 8.3 , -   , 4 149 , 97.3 , -   , 353 , 8.3 , -   
01,Mitte,01300732,Soldiner Straße, 4 512 , 97.4 , -   , 934 , 20.2 , -   , 4 512 , 97.4 , -   , 934 , 20.2 , -   
01,Mitte,01300733,Gesundbrunnen, 5 697 , 98.1 , -   , 479 , 8.2 , -   , 5 765 , 99.2 , 1.1 , 5 739 , 98.8 , 90.6 
01,Mitte,01300834,Brunnenstraße, 6 299 , 99.9 , -   , 1 800 , 28.6 , -   , 6 300 , 100.0 , 0.1 , 2 874 , 45.6 , 17.0 
01,Mitte,01300835,Humboldthain Süd, 5 154 , 89.0 , -   , 1 326 , 22.9 , -   , 5 174 , 89.4 , 0.4 , 3 002 , 51.8 , 28.9 
01,Mitte,01300836,Humboldthain Nordwest, 7 566 , 99.1 , -   , 1 500 , 19.7 , -   , 7 571 , 99.2 , 0.1 , 2 534 , 33.2 , 13.5 
01,Mitte,01400937,Afrikanische Straße, 5 566 , 99.1 , -   , 419 , 7.5 , -   , 5 566 , 99.1 , -   , 419 , 7.5 , -   
01,Mitte,01400938,Kameruner Straße, 4 459 , 99.6 , -   , 1 093 , 24.4 , -   , 4 459 , 99.6 , -   , 1 093 , 24.4 , -   
01,Mitte,01400939,Glasgower Straße, 3 286 , 98.6 , -   , 255 , 7.6 , -   , 3 286 , 98.6 , -   , 255 , 7.6 , -   
01,Mitte,01400940,Schillerpark, 3 764 , 99.9 , -   , 2 218 , 58.8 , -   , 3 764 , 99.9 , -   , 2 218 , 58.8 , -   
01,Mitte,01400941,Londoner Straße, 1 766 , 84.3 , -   , 68 , 3.2 , -   , 1 766 , 84.3 , -   , 68 , 3.2 , -   
01,Mitte,01400942,Westliche Müllerstraße, 4 928 , 100.0 , -   , 4 920 , 99.8 , -   , 4 928 , 100.0 , -   , 4 920 , 99.8 , -   
01,Mitte,01401043,Antonstraße, 3 622 , 99.3 , -   , 470 , 12.9 , -   , 3 622 , 99.3 , -   , 470 , 12.9 , -   
01,Mitte,01401044,Uferstraße, 5 493 , 99.4 , -   , 529 , 9.6 , -   , 5 493 , 99.4 , -   , 2 138 , 38.7 , 29.1 
01,Mitte,01401045,Schwedenstraße, 2 596 , 96.1 , -   , 263 , 9.7 , -   , 2 596 , 96.1 , -   , 263 , 9.7 , -   
01,Mitte,01401046,Nordufer, 5 345 , 100.0 , -   , 5 345 , 100.0 , -   , 5 345 , 100.0 , -   , 5 345 , 100.0 , -   
01,Mitte,01401047,Sparrplatz, 4 300 , 100.0 , -   , 4 300 , 100.0 , -   , 4 300 , 100.0 , -   , 4 300 , 100.0 , -   
01,Mitte,01401048,Leopoldplatz, 5 587 , 99.3 , -   , 398 , 7.1 , -   , 5 624 , 100.0 , 0.7 , 5 624 , 100.0 , 92.9 
01,Mitte,01401049,Schulstraße, 3 832 , 98.5 , -   , 469 , 12.1 , -   , 3 837 , 98.6 , 0.1 , 2 927 , 75.2 , 63.1 
02,Friedrichshain-Kreuzberg,02100101,Askanischer Platz, 4 040 , 96.8 , -   , 2 364 , 56.6 , -   , 4 040 , 96.8 , -   , 2 364 , 56.6 , -   
02,Friedrichshain-Kreuzberg,02100102,Mehringplatz, 4 740 , 95.7 , -   , 2 548 , 51.5 , -   , 4 740 , 95.7 , -   , 2 548 , 51.5 , -   
02,Friedrichshain-Kreuzberg,02100103,Am Berlin Museum, 2 480 , 96.5 , -   , 264 , 10.3 , -   , 2 480 , 96.5 , -   , 264 , 10.3 , -   
02,Friedrichshain-Kreuzberg,02100104,Moritzplatz, 3 047 , 94.2 , -   , 1 130 , 34.9 , -   , 3 047 , 94.2 , -   , 1 130 , 34.9 , -   
02,Friedrichshain-Kreuzberg,02100105,Prinzenstraße, 3 929 , 83.9 , -   , 697 , 14.9 , -   , 3 929 , 83.9 , -   , 697 , 14.9 , -   
02,Friedrichshain-Kreuzberg,02100106,Wassertorplatz, 2 442 , 100.0 , -   , 2 437 , 99.8 , -   , 2 442 , 100.0 , -   , 2 437 , 99.8 , -   
02,Friedrichshain-Kreuzberg,02200207,Gleisdreieck, 1 201 , 99.3 , -   , 1 088 , 90.0 , -   , 1 201 , 99.3 , -   , 1 088 , 90.0 , -   
02,Friedrichshain-Kreuzberg,02200208,Rathaus Yorckstraße, 3 455 , 98.7 , -   , 298 , 8.5 , -   , 3 455 , 98.7 , -   , 298 , 8.5 , -   
02,Friedrichshain-Kreuzberg,02200209,Viktoriapark, 7 035 , 99.3 , -   , 809 , 11.4 , -   , 7 035 , 99.3 , -   , 809 , 11.4 , -   
02,Friedrichshain-Kreuzberg,02200210,Urbanstraße, 7 741 , 100.0 , -   , 7 679 , 99.2 , -   , 7 741 , 100.0 , -   , 7 679 , 99.2 , -   
02,Friedrichshain-Kreuzberg,02200211,Chamissokiez, 9 372 , 99.0 , -   , 1 366 , 14.4 , -   , 9 372 , 99.0 , -   , 1 366 , 14.4 , -   
02,Friedrichshain-Kreuzberg,02200212,Graefekiez Süd, 4 970 , 100.0 , -   , 4 969 , 100.0 , -   , 4 970 , 100.0 , -   , 4 969 , 100.0 , -   
02,Friedrichshain-Kreuzberg,02200213,Graefekiez Nord, 6 576 , 100.0 , -   , 6 576 , 100.0 , -   , 6 576 , 100.0 , -   , 6 576 , 100.0 , -   
02,Friedrichshain-Kreuzberg,02300314,Oranienplatz, 4 601 , 95.0 , -   , 880 , 18.2 , -   , 4 601 , 95.0 , -   , 880 , 18.2 , -   
02,Friedrichshain-Kreuzberg,02300315,Lausitzer Platz, 4 966 , 97.8 , -   , 1 290 , 25.4 , -   , 4 966 , 97.8 , -   , 1 290 , 25.4 , -   
02,Friedrichshain-Kreuzberg,02300316,Köpenicker Straße, 2 911 , 98.5 , -   , 878 , 29.7 , -   , 2 911 , 98.5 , -   , 878 , 29.7 , -   
02,Friedrichshain-Kreuzberg,02300417,Reichenberger Straße West, 4 976 , 99.3 , -   , 556 , 11.1 , -   , 4 976 , 99.3 , -   , 556 , 11.1 , -   
02,Friedrichshain-Kreuzberg,02300418,Reichenberger Straße Ost, 4 989 , 97.5 , -   , 1 148 , 22.4 , -   , 4 989 , 97.5 , -   , 1 148 , 22.4 , -   
02,Friedrichshain-Kreuzberg,02300419,Wrangelkiez, 6 742 , 99.0 , -   , 2 485 , 36.5 , -   , 6 742 , 99.0 , -   , 2 892 , 42.5 , 6.0 
02,Friedrichshain-Kreuzberg,02400520,Barnimkiez, 3 237 , 96.4 , -   , 1 816 , 54.1 , -   , 3 239 , 96.5 , 0.1 , 1 870 , 55.7 , 1.6 
02,Friedrichshain-Kreuzberg,02400521,Friedenstraße, 4 787 , 98.8 , -   , 2 633 , 54.3 , -   , 4 839 , 99.9 , 1.1 , 4 839 , 99.9 , 45.6 
02,Friedrichshain-Kreuzberg,02400522,Richard-Sorge-Viertel, 6 703 , 99.8 , -   , 1 534 , 22.8 , -   , 6 703 , 99.8 , -   , 1 534 , 22.8 , -   
02,Friedrichshain-Kreuzberg,02400623,Andreasviertel, 7 366 , 96.7 , -   , 4 596 , 60.3 , -   , 7 366 , 96.7 , -   , 4 831 , 63.4 , 3.1 
02,Friedrichshain-Kreuzberg,02400624,Weberwiese, 6 539 , 95.3 , -   , 2 437 , 35.5 , -   , 6 539 , 95.3 , -   , 2 437 , 35.5 , -   
02,Friedrichshain-Kreuzberg,02400625,Wriezener Bahnhof, 493 , 64.2 , -   , 117 , 15.2 , -   , 493 , 64.2 , -   , 117 , 15.2 , -   
02,Friedrichshain-Kreuzberg,02500726,Hausburgviertel, 5 837 , 100.0 , -   , 1 068 , 18.3 , -   , 5 837 , 100.0 , -   , 1 068 , 18.3 , -   
02,Friedrichshain-Kreuzberg,02500727,Forckenbeckplatz, 3 974 , 100.0 , -   , 3 974 , 100.0 , -   , 3 974 , 100.0 , -   , 3 974 , 100.0 , -   
02,Friedrichshain-Kreuzberg,02500728,Samariterviertel, 6 131 , 99.9 , -   , 6 119 , 99.7 , -   , 6 131 , 99.9 , -   , 6 119 , 99.7 , -   
02,Friedrichshain-Kreuzberg,02500729,Pettenkofer Straße, 3 164 , 100.0 , -   , 3 164 , 100.0 , -   , 3 164 , 100.0 , -   , 3 164 , 100.0 , -   
02,Friedrichshain-Kreuzberg,02500830,Niederbarnimstraße, 2 517 , 96.5 , -   , 964 , 37.0 , -   , 2 517 , 96.5 , -   , 964 , 37.0 , -   
02,Friedrichshain-Kreuzberg,02500831,Wismarplatz, 4 638 , 96.2 , -   , 1 939 , 40.2 , -   , 4 638 , 96.2 , -   , 1 939 , 40.2 , -   
02,Friedrichshain-Kreuzberg,02500832,Traveplatz, 5 122 , 95.3 , -   , 2 786 , 51.8 , -   , 5 122 , 95.3 , -   , 2 786 , 51.8 , -   
02,Friedrichshain-Kreuzberg,02500833,Boxhagener Platz, 6 807 , 98.0 , -   , 4 098 , 59.0 , -   , 6 807 , 98.0 , -   , 4 098 , 59.0 , -   
02,Friedrichshain-Kreuzberg,02500834,Revaler Straße, 6 569 , 94.5 , -   , 3 416 , 49.1 , -   , 6 569 , 94.5 , -   , 3 427 , 49.3 , 0.2 
02,Friedrichshain-Kreuzberg,02500835,Stralauer Kiez, 4 873 , 97.7 , -   , 2 047 , 41.0 , -   , 4 873 , 97.7 , -   , 2 047 , 41.0 , -   
02,Friedrichshain-Kreuzberg,02500836,Stralauer Halbinsel, 2 048 , 87.9 , -   , 1 322 , 56.8 , -   , 2 048 , 87.9 , -   , 1 322 , 56.8 , -   
03,Pankow,03100101,Bucher Forst, 1 607 , 77.5 , -   , 542 , 26.1 , -   , 1 607 , 77.5 , -   , 542 , 26.1 , -   
03,Pankow,03100102,Klinikum Buch, 1 078 , 71.8 , -   , 624 , 41.6 , -   , 1 078 , 71.8 , -   , 624 , 41.6 , -   
03,Pankow,03100103,Karower Chaussee, 4 312 , 96.5 , -   , 1 971 , 44.1 , -   , 4 312 , 96.5 , -   , 1 971 , 44.1 , -   
03,Pankow,03200204,Blankenfelde, 23 , 2.0 , -   , 1 , 0.1 , -   , 23 , 2.0 , -   , 1 , 0.1 , -   
03,Pankow,03200205,Uhlandstraße, 4 070 , 88.6 , -   , 3 135 , 68.2 , -   , 4 070 , 88.6 , -   , 3 135 , 68.2 , -   
03,Pankow,03200206,Pastor-Niemöller-Platz, 3 416 , 94.7 , -   , 1 796 , 49.8 , -   , 3 416 , 94.7 , -   , 1 796 , 49.8 , -   
03,Pankow,03200207,Herthaplatz, 5 277 , 86.1 , -   , 528 , 8.6 , -   , 5 277 , 86.1 , -   , 528 , 8.6 , -   
03,Pankow,03200308,Nisbléstraße, 2 058 , 81.4 , -   , 72 , 2.8 , -   , 2 058 , 81.4 , -   , 72 , 2.8 , -   
03,Pankow,03200309,Eddastraße, 1 626 , 61.6 , -   , 74 , 2.8 , -   , 1 626 , 61.6 , -   , 74 , 2.8 , -   
03,Pankow,03200310,Krugpfuhl, 2 912 , 75.4 , -   , 2 , 0.1 , -   , 2 912 , 75.4 , -   , 2 , 0.1 , -   
03,Pankow,03300411,Karow Nord, 4 590 , 83.5 , -   , 62 , 1.1 , -   , 4 590 , 83.5 , -   , 62 , 1.1 , -   
03,Pankow,03300412,Karow Bahnhof, 256 , 10.2 , -   , 1 , -   , -   , 256 , 10.2 , -   , 1 , -   , -   
03,Pankow,03300413,Karow Ost, 507 , 35.5 , -   , 6 , 0.4 , -   , 507 , 35.5 , -   , 6 , 0.4 , -   
03,Pankow,03300514,Blankenburg, 2 763 , 71.6 , -   , 413 , 10.7 , -   , 2 763 , 71.6 , -   , 413 , 10.7 , -   
03,Pankow,03300515,Blankenburger Süden, 5 , 14.3 , -   , -   , -   , -   , 5 , 14.3 , -   , -   , -   , -   
03,Pankow,03300516,Heinersdorf, 3 128 , 77.9 , -   , 513 , 12.8 , -   , 3 562 , 88.7 , 10.8 , 2 401 , 59.8 , 47.0 
03,Pankow,03300517,Märchenland, 537 , 86.9 , -   , 74 , 12.0 , -   , 537 , 86.9 , -   , 74 , 12.0 , -   
03,Pankow,03400618,Rosenthal, 1 878 , 87.0 , -   , 750 , 34.7 , -   , 1 878 , 87.0 , -   , 750 , 34.7 , -   
03,Pankow,03400619,Wilhelmsruh, 5 340 , 94.4 , -   , 95 , 1.7 , -   , 5 472 , 96.7 , 2.3 , 4 467 , 79.0 , 77.3 
03,Pankow,03400620,Schönholz, 1 453 , 88.1 , -   , 54 , 3.3 , -   , 1 464 , 88.8 , 0.7 , 128 , 7.8 , 4.5 
03,Pankow,03400721,Florakiez, 6 089 , 91.9 , -   , 1 765 , 26.6 , -   , 6 627 , 100.0 , 8.1 , 6 627 , 100.0 , 73.4 
03,Pankow,03400722,Parkstraße, 1 810 , 86.9 , -   , 443 , 21.3 , -   , 2 024 , 97.1 , 10.2 , 1 807 , 86.7 , 65.4 
03,Pankow,03400723,Garbátyplatz, 3 787 , 93.6 , -   , 799 , 19.7 , -   , 4 048 , 100.0 , 6.4 , 4 048 , 100.0 , 80.3 
03,Pankow,03400724,Wolfshagener Straße, 4 439 , 98.8 , -   , 1 802 , 40.1 , -   , 4 492 , 100.0 , 1.2 , 4 492 , 100.0 , 59.9 
03,Pankow,03400725,Schlosspark, 4 018 , 96.1 , -   , 1 495 , 35.7 , -   , 4 058 , 97.0 , 0.9 , 1 642 , 39.3 , 3.6 
03,Pankow,03400826,Tiroler Viertel, 3 826 , 95.5 , -   , 1 154 , 28.8 , -   , 3 831 , 95.6 , 0.1 , 1 160 , 28.9 , 0.1 
03,Pankow,03400827,Trelleborger Viertel, 5 269 , 94.4 , -   , 1 570 , 28.1 , -   , 5 580 , 100.0 , 5.6 , 5 580 , 100.0 , 71.9 
03,Pankow,03400828,Spiekermann Straße, 2 791 , 96.4 , -   , 388 , 13.4 , -   , 2 895 , 100.0 , 3.6 , 2 895 , 100.0 , 86.6 
03,Pankow,03400829,Arnold-Zweig-Straße, 2 942 , 97.5 , -   , 790 , 26.2 , -   , 3 016 , 100.0 , 2.5 , 3 016 , 100.0 , 73.8 
03,Pankow,03400830,Kissingenviertel, 5 679 , 97.4 , -   , 1 359 , 23.3 , -   , 5 829 , 100.0 , 2.6 , 5 829 , 100.0 , 76.7 
03,Pankow,03400831,Pankower Tor, 1 , 33.3 , -   , 1 , 33.3 , -   , 2 , 66.7 , 33.4 , 2 , 66.7 , 33.4 
03,Pankow,03500932,Bühringstraße, 3 256 , 98.2 , -   , 1 890 , 57.0 , -   , 3 256 , 98.2 , -   , 1 890 , 57.0 , -   
03,Pankow,03500933,Weißer See, 3 880 , 89.5 , -   , 420 , 9.7 , -   , 4 335 , 100.0 , 10.5 , 4 335 , 100.0 , 90.3 
03,Pankow,03500934,Weißenseer Spitze, 5 691 , 96.9 , -   , 3 309 , 56.3 , -   , 5 691 , 96.9 , -   , 3 309 , 56.3 , -   
03,Pankow,03500935,Behaimstraße, 3 857 , 99.9 , -   , 3 796 , 98.4 , -   , 3 857 , 99.9 , -   , 3 796 , 98.4 , -   
03,Pankow,03500936,Komponistenviertel Weißensee, 5 345 , 100.0 , -   , 5 339 , 99.9 , -   , 5 345 , 100.0 , -   , 5 339 , 99.9 , -   
03,Pankow,03501037,Rathaus Weißensee, 5 220 , 97.5 , -   , 4 989 , 93.2 , -   , 5 220 , 97.5 , -   , 4 989 , 93.2 , -   
03,Pankow,03501038,Hansastraße, 3 904 , 98.8 , -   , 3 491 , 88.3 , -   , 3 904 , 98.8 , -   , 3 491 , 88.3 , -   
03,Pankow,03601139,Norweger Viertel, 2 347 , 98.9 , -   , 207 , 8.7 , -   , 2 347 , 98.9 , -   , 207 , 8.7 , -   
03,Pankow,03601140,Malmöer Straße, 3 552 , 98.6 , -   , 444 , 12.3 , -   , 3 552 , 98.6 , -   , 444 , 12.3 , -   
03,Pankow,03601141,Arnimplatz, 4 138 , 99.2 , -   , 454 , 10.9 , -   , 4 138 , 99.2 , -   , 454 , 10.9 , -   
03,Pankow,03601142,Falkplatz, 7 045 , 97.9 , -   , 1 072 , 14.9 , -   , 7 045 , 97.9 , -   , 1 072 , 14.9 , -   
03,Pankow,03601243,Rodenbergstraße, 4 761 , 99.5 , -   , 521 , 10.9 , -   , 4 761 , 99.5 , -   , 521 , 10.9 , -   
03,Pankow,03601244,Humannplatz, 4 840 , 100.0 , -   , 514 , 10.6 , -   , 4 840 , 100.0 , -   , 514 , 10.6 , -   
03,Pankow,03601245,Ostseestraße, 8 420 , 99.3 , -   , 742 , 8.8 , -   , 8 420 , 99.3 , -   , 742 , 8.8 , -   
03,Pankow,03601346,Gethsemanekirche, 4 287 , 99.4 , -   , 1 090 , 25.3 , -   , 4 287 , 99.4 , -   , 1 090 , 25.3 , -   
03,Pankow,03601347,Helmholtzplatz, 5 982 , 98.4 , -   , 1 004 , 16.5 , -   , 5 982 , 98.4 , -   , 1 004 , 16.5 , -   
03,Pankow,03601348,Senefelderstraße, 4 900 , 100.0 , -   , 483 , 9.9 , -   , 4 900 , 100.0 , -   , 483 , 9.9 , -   
03,Pankow,03601449,Michelangelostraße, 5 829 , 99.6 , -   , 235 , 4.0 , -   , 5 829 , 99.6 , -   , 235 , 4.0 , -   
03,Pankow,03601450,Volkspark Prenzlauer Berg, 1 855 , 97.7 , -   , 976 , 51.4 , -   , 1 855 , 97.7 , -   , 976 , 51.4 , -   
03,Pankow,03601451,Anton-Saefkow-Park, 3 852 , 98.7 , -   , 1 404 , 36.0 , -   , 3 852 , 98.7 , -   , 1 404 , 36.0 , -   
03,Pankow,03601452,Velodrom, 2 784 , 97.3 , -   , 1 374 , 48.0 , -   , 2 784 , 97.3 , -   , 1 374 , 48.0 , -   
03,Pankow,03601453,Alter Schlachthof, 953 , 74.6 , -   , 403 , 31.6 , -   , 953 , 74.6 , -   , 403 , 31.6 , -   
03,Pankow,03701554,Teutoburger Platz, 7 463 , 95.6 , -   , 1 877 , 24.1 , -   , 7 463 , 95.6 , -   , 1 877 , 24.1 , -   
03,Pankow,03701555,Sredzkistraße, 4 919 , 99.6 , -   , 1 972 , 39.9 , -   , 4 919 , 99.6 , -   , 1 972 , 39.9 , -   
03,Pankow,03701556,Kollwitzplatz, 5 467 , 99.3 , -   , 1 910 , 34.7 , -   , 5 467 , 99.3 , -   , 1 910 , 34.7 , -   
03,Pankow,03701657,Thälmannpark, 1 755 , 99.3 , -   , 420 , 23.8 , -   , 1 755 , 99.3 , -   , 420 , 23.8 , -   
03,Pankow,03701658,Christburger Straße, 5 255 , 99.7 , -   , 1 120 , 21.3 , -   , 5 269 , 100.0 , 0.3 , 5 268 , 100.0 , 78.7 
03,Pankow,03701659,Immanuelkirchstraße, 5 754 , 99.2 , -   , 1 021 , 17.6 , -   , 5 797 , 100.0 , 0.8 , 5 784 , 99.8 , 82.2 
03,Pankow,03701660,Bötzowstraße, 7 629 , 98.1 , -   , 2 792 , 35.9 , -   , 7 629 , 98.1 , -   , 2 792 , 35.9 , -   
04,Charlottenburg-Wilmersdorf,04100101,Jungfernheide/Plötzensee, 6 371 , 96.5 , -   , 293 , 4.4 , -   , 6 371 , 96.5 , -   , 293 , 4.4 , -   
04,Charlottenburg-Wilmersdorf,04100102,Paul-Hertz-Siedlung, 3 764 , 99.5 , -   , -   , -   , -   , 3 764 , 99.5 , -   , -   , -   , -   
04,Charlottenburg-Wilmersdorf,04200203,Olympiagelände, 708 , 96.7 , -   , 4 , 0.5 , -   , 708 , 96.7 , -   , 4 , 0.5 , -   
04,Charlottenburg-Wilmersdorf,04200204,Angerburger Allee, 1 510 , 95.4 , -   , 72 , 4.6 , -   , 1 510 , 95.4 , -   , 72 , 4.6 , -   
04,Charlottenburg-Wilmersdorf,04200205,Flatowallee, 1 076 , 63.8 , -   , 5 , 0.3 , -   , 1 076 , 63.8 , -   , 5 , 0.3 , -   
04,Charlottenburg-Wilmersdorf,04200206,Kranzallee, 1 372 , 94.9 , -   , 105 , 7.3 , -   , 1 372 , 94.9 , -   , 105 , 7.3 , -   
04,Charlottenburg-Wilmersdorf,04200207,Eichkamp, 1 605 , 94.1 , -   , 445 , 26.1 , -   , 1 605 , 94.1 , -   , 445 , 26.1 , -   
04,Charlottenburg-Wilmersdorf,04200308,Branitzer Platz, 3 548 , 92.9 , -   , 261 , 6.8 , -   , 3 548 , 92.9 , -   , 263 , 6.9 , 0.1 
04,Charlottenburg-Wilmersdorf,04200309,Neu Westend, 3 615 , 88.0 , -   , 216 , 5.3 , -   , 3 615 , 88.0 , -   , 216 , 5.3 , -   
04,Charlottenburg-Wilmersdorf,04200310,Fürstenplatz, 4 607 , 97.6 , -   , 292 , 6.2 , -   , 4 609 , 97.7 , 0.1 , 458 , 9.7 , 3.5 
04,Charlottenburg-Wilmersdorf,04200311,Königin-Elisabeth-Straße, 4 472 , 98.2 , -   , 911 , 20.0 , -   , 4 499 , 98.8 , 0.6 , 1 449 , 31.8 , 11.8 
04,Charlottenburg-Wilmersdorf,04300412,Schlossgarten, 2 501 , 85.6 , -   , 979 , 33.5 , -   , 2 904 , 99.4 , 13.8 , 2 590 , 88.7 , 55.2 
04,Charlottenburg-Wilmersdorf,04300413,Klausenerplatz, 5 781 , 99.6 , -   , 367 , 6.3 , -   , 5 803 , 100.0 , 0.4 , 5 803 , 100.0 , 93.7 
04,Charlottenburg-Wilmersdorf,04300414,Schloßstraße, 6 691 , 100.0 , -   , 3 464 , 51.8 , -   , 6 691 , 100.0 , -   , 6 691 , 100.0 , 48.2 
04,Charlottenburg-Wilmersdorf,04300415,Lietzensee, 4 093 , 100.0 , -   , 4 093 , 100.0 , -   , 4 093 , 100.0 , -   , 4 093 , 100.0 , -   
04,Charlottenburg-Wilmersdorf,04300416,Amtsgerichtsplatz, 7 728 , 100.0 , -   , 7 728 , 100.0 , -   , 7 728 , 100.0 , -   , 7 728 , 100.0 , -   
04,Charlottenburg-Wilmersdorf,04300517,Tegeler Weg, 5 863 , 99.7 , -   , 1 356 , 23.1 , -   , 5 863 , 99.7 , -   , 1 356 , 23.1 , -   
04,Charlottenburg-Wilmersdorf,04300518,Kaiserin-Augusta-Allee, 3 489 , 97.5 , -   , 889 , 24.9 , -   , 3 489 , 97.5 , -   , 889 , 24.9 , -   
04,Charlottenburg-Wilmersdorf,04300619,Alt-Lietzow, 5 347 , 100.0 , -   , 5 347 , 100.0 , -   , 5 347 , 100.0 , -   , 5 347 , 100.0 , -   
04,Charlottenburg-Wilmersdorf,04300620,Spreestadt, 2 937 , 98.8 , -   , 2 263 , 76.1 , -   , 2 937 , 98.8 , -   , 2 266 , 76.2 , 0.1 
04,Charlottenburg-Wilmersdorf,04300621,Richard-Wagner-Straße, 7 221 , 99.9 , -   , 7 221 , 99.9 , -   , 7 231 , 100.0 , 0.1 , 7 231 , 100.0 , 0.1 
04,Charlottenburg-Wilmersdorf,04300622,Ernst-Reuter-Platz, 3 476 , 97.6 , -   , 3 253 , 91.3 , -   , 3 514 , 98.7 , 1.1 , 3 444 , 96.7 , 5.4 
04,Charlottenburg-Wilmersdorf,04300623,Karl-August-Platz, 8 346 , 99.3 , -   , 4 777 , 56.9 , -   , 8 350 , 99.4 , 0.1 , 6 924 , 82.4 , 25.5 
04,Charlottenburg-Wilmersdorf,04300624,Savignyplatz, 7 201 , 99.4 , -   , 1 711 , 23.6 , -   , 7 204 , 99.4 , -   , 5 291 , 73.0 , 49.4 
04,Charlottenburg-Wilmersdorf,04400725,Güterbahnhof Grunewald, 29 , 87.9 , -   , 2 , 6.1 , -   , 29 , 87.9 , -   , 2 , 6.1 , -   
04,Charlottenburg-Wilmersdorf,04400726,Bismarckallee, 3 014 , 90.7 , -   , 191 , 5.7 , -   , 3 014 , 90.7 , -   , 191 , 5.7 , -   
04,Charlottenburg-Wilmersdorf,04400727,Flinsberger Platz, 4 858 , 98.9 , -   , 226 , 4.6 , -   , 4 858 , 98.9 , -   , 226 , 4.6 , -   
04,Charlottenburg-Wilmersdorf,04400728,Hagenplatz, 2 083 , 98.4 , -   , 37 , 1.7 , -   , 2 083 , 98.4 , -   , 37 , 1.7 , -   
04,Charlottenburg-Wilmersdorf,04400729,Hundekehle, 1 771 , 96.9 , -   , 41 , 2.2 , -   , 1 771 , 96.9 , -   , 41 , 2.2 , -   
04,Charlottenburg-Wilmersdorf,04400830,Forckenbeckstraße, 4 282 , 94.3 , -   , 450 , 9.9 , -   , 4 282 , 94.3 , -   , 450 , 9.9 , -   
04,Charlottenburg-Wilmersdorf,04400831,Messelpark, 1 027 , 95.6 , -   , 3 , 0.3 , -   , 1 027 , 95.6 , -   , 3 , 0.3 , -   
04,Charlottenburg-Wilmersdorf,04400832,Breite Straße, 4 188 , 97.2 , -   , 30 , 0.7 , -   , 4 188 , 97.2 , -   , 30 , 0.7 , -   
04,Charlottenburg-Wilmersdorf,04400833,Schlangenbader Straße, 2 596 , 98.9 , -   , 23 , 0.9 , -   , 2 596 , 98.9 , -   , 23 , 0.9 , -   
04,Charlottenburg-Wilmersdorf,04400834,Binger Straße, 2 054 , 97.7 , -   , 157 , 7.5 , -   , 2 054 , 97.7 , -   , 161 , 7.7 , 0.2 
04,Charlottenburg-Wilmersdorf,04400835,Rüdesheimer Platz, 5 895 , 97.3 , -   , 928 , 15.3 , -   , 6 045 , 99.7 , 2.4 , 3 815 , 62.9 , 47.6 
04,Charlottenburg-Wilmersdorf,04500936,Droysenstraße, 3 785 , 100.0 , -   , 3 785 , 100.0 , -   , 3 785 , 100.0 , -   , 3 785 , 100.0 , -   
04,Charlottenburg-Wilmersdorf,04500937,Halensee, 5 335 , 99.9 , -   , 4 653 , 87.1 , -   , 5 338 , 99.9 , -   , 4 657 , 87.2 , 0.1 
04,Charlottenburg-Wilmersdorf,04500938,Hochmeisterplatz, 5 125 , 97.8 , -   , 4 937 , 94.3 , -   , 5 234 , 99.9 , 2.1 , 5 234 , 99.9 , 5.6 
04,Charlottenburg-Wilmersdorf,04500939,Eisenzahnstraße, 3 962 , 98.8 , -   , 3 230 , 80.5 , -   , 4 011 , 100.0 , 1.2 , 4 011 , 100.0 , 19.5 
04,Charlottenburg-Wilmersdorf,04501040,Hindemithplatz, 4 476 , 100.0 , -   , 3 927 , 87.7 , -   , 4 476 , 100.0 , -   , 4 476 , 100.0 , 12.3 
04,Charlottenburg-Wilmersdorf,04501041,George-Grosz-Platz, 5 871 , 99.5 , -   , 5 114 , 86.6 , -   , 5 902 , 100.0 , 0.5 , 5 902 , 100.0 , 13.4 
04,Charlottenburg-Wilmersdorf,04501042,Breitscheidplatz, 4 594 , 99.9 , -   , 2 514 , 54.7 , -   , 4 598 , 100.0 , 0.1 , 3 436 , 74.7 , 20.0 
04,Charlottenburg-Wilmersdorf,04501043,Preußenpark, 7 269 , 100.0 , -   , 7 191 , 98.9 , -   , 7 272 , 100.0 , -   , 7 254 , 99.8 , 0.9 
04,Charlottenburg-Wilmersdorf,04501044,Ludwigkirchplatz, 3 813 , 98.3 , -   , 2 961 , 76.3 , -   , 3 880 , 100.0 , 1.7 , 3 880 , 100.0 , 23.7 
04,Charlottenburg-Wilmersdorf,04501045,Schaperstraße, 6 429 , 99.1 , -   , 3 047 , 47.0 , -   , 6 478 , 99.9 , 0.8 , 4 011 , 61.8 , 14.8 
04,Charlottenburg-Wilmersdorf,04501146,Barstraße, 2 799 , 98.2 , -   , 2 365 , 83.0 , -   , 2 849 , 99.9 , 1.7 , 2 801 , 98.2 , 15.2 
04,Charlottenburg-Wilmersdorf,04501147,Leon-Jessel-Platz, 3 450 , 99.6 , -   , 2 711 , 78.2 , -   , 3 465 , 100.0 , 0.4 , 3 465 , 100.0 , 21.8 
04,Charlottenburg-Wilmersdorf,04501148,Brabanter Platz, 2 549 , 99.8 , -   , 2 377 , 93.1 , -   , 2 552 , 100.0 , 0.2 , 2 538 , 99.4 , 6.3 
04,Charlottenburg-Wilmersdorf,04501149,Nikolsburger Platz, 6 079 , 98.9 , -   , 4 081 , 66.4 , -   , 6 146 , 100.0 , 1.1 , 6 146 , 100.0 , 33.6 
04,Charlottenburg-Wilmersdorf,04501150,Wilhelmsaue, 1 953 , 94.6 , -   , 1 426 , 69.1 , -   , 1 959 , 94.9 , 0.3 , 1 799 , 87.2 , 18.1 
04,Charlottenburg-Wilmersdorf,04501151,Hildegardstraße, 4 490 , 99.9 , -   , 2 853 , 63.5 , -   , 4 494 , 100.0 , 0.1 , 4 447 , 99.0 , 35.5 
04,Charlottenburg-Wilmersdorf,04501152,Prager Platz, 4 266 , 99.2 , -   , 884 , 20.6 , -   , 4 266 , 99.2 , -   , 1 162 , 27.0 , 6.4 
04,Charlottenburg-Wilmersdorf,04501153,Babelsberger Straße, 4 534 , 99.9 , -   , 2 861 , 63.0 , -   , 4 534 , 99.9 , -   , 3 098 , 68.3 , 5.3 
05,Spandau,05100101,Hakenfelde Nord, 2 177 , 95.2 , -   , 704 , 30.8 , -   , 2 177 , 95.2 , -   , 704 , 30.8 , -   
05,Spandau,05100102,Am Forstacker, 2 383 , 96.2 , -   , -   , -   , -   , 2 383 , 96.2 , -   , -   , -   , -   
05,Spandau,05100103,Mertensstraße, 2 944 , 96.5 , -   , 1 396 , 45.8 , -   , 2 944 , 96.5 , -   , 1 396 , 45.8 , -   
05,Spandau,05100104,Maselake, 2 314 , 98.4 , -   , 2 304 , 98.0 , -   , 2 314 , 98.4 , -   , 2 304 , 98.0 , -   
05,Spandau,05100105,Amorbacher Weg, 4 285 , 98.4 , -   , -   , -   , -   , 4 285 , 98.4 , -   , -   , -   , -   
05,Spandau,05100206,Griesingerstraße, 1 493 , 96.8 , -   , 17 , 1.1 , -   , 1 493 , 96.8 , -   , 17 , 1.1 , -   
05,Spandau,05100207,An der Tränke, 1 023 , 92.2 , -   , 340 , 30.7 , -   , 1 023 , 92.2 , -   , 340 , 30.7 , -   
05,Spandau,05100208,Im Spektefeld, 5 055 , 98.6 , -   , 127 , 2.5 , -   , 5 055 , 98.6 , -   , 127 , 2.5 , -   
05,Spandau,05100209,Westerwaldstraße, 5 528 , 99.4 , -   , 226 , 4.1 , -   , 5 528 , 99.4 , -   , 226 , 4.1 , -   
05,Spandau,05100210,Germersheimer Platz, 4 481 , 99.9 , -   , -   , -   , -   , 4 481 , 99.9 , -   , -   , -   , -   
05,Spandau,05100211,An der Kappe, 2 964 , 97.8 , -   , 12 , 0.4 , -   , 2 964 , 97.8 , -   , 12 , 0.4 , -   
05,Spandau,05100312,Eckschanze, 2 252 , 99.6 , -   , 2 252 , 99.6 , -   , 2 252 , 99.6 , -   , 2 252 , 99.6 , -   
05,Spandau,05100313,Eiswerder, 2 858 , 96.9 , -   , 1 483 , 50.3 , -   , 2 868 , 97.3 , 0.4 , 1 527 , 51.8 , 1.5 
05,Spandau,05100314,Kurstraße, 3 690 , 100.0 , -   , 3 618 , 98.0 , -   , 3 690 , 100.0 , -   , 3 618 , 98.0 , -   
05,Spandau,05100315,Ackerstraße, 3 697 , 100.0 , -   , 3 697 , 100.0 , -   , 3 697 , 100.0 , -   , 3 697 , 100.0 , -   
05,Spandau,05100316,Carl-Schurz-Straße, 6 337 , 98.9 , -   , 124 , 1.9 , -   , 6 337 , 98.9 , -   , 124 , 1.9 , -   
05,Spandau,05100317,Freiheit, 2 015 , 97.2 , -   , 378 , 18.2 , -   , 2 015 , 97.2 , -   , 378 , 18.2 , -   
05,Spandau,05200418,Isenburger Weg, 1 306 , 79.4 , -   , -   , -   , -   , 1 306 , 79.4 , -   , -   , -   , -   
05,Spandau,05200419,Am Heideberg, 1 025 , 99.7 , -   , -   , -   , -   , 1 025 , 99.7 , -   , -   , -   , -   
05,Spandau,05200420,Staakener Straße, 2 708 , 92.8 , -   , 25 , 0.9 , -   , 2 728 , 93.5 , 0.7 , 1 222 , 41.9 , 41.0 
05,Spandau,05200421,Spandauer Straße, 2 012 , 95.7 , -   , 44 , 2.1 , -   , 2 012 , 95.7 , -   , 44 , 2.1 , -   
05,Spandau,05200422,Werkstraße, 274 , 63.0 , -   , 38 , 8.7 , -   , 274 , 63.0 , -   , 38 , 8.7 , -   
05,Spandau,05200423,Magistratsweg, 3 183 , 94.2 , -   , 118 , 3.5 , -   , 3 183 , 94.2 , -   , 118 , 3.5 , -   
05,Spandau,05200524,Döberitzer Weg, 1 102 , 71.1 , -   , -   , -   , -   , 1 102 , 71.1 , -   , -   , -   , -   
05,Spandau,05200525,Pillnitzer Weg, 1 134 , 91.4 , -   , -   , -   , -   , 1 134 , 91.4 , -   , -   , -   , -   
05,Spandau,05200526,Rudolf-Wissell-Großsiedlung, 2 479 , 99.2 , -   , 106 , 4.2 , -   , 2 479 , 99.2 , -   , 106 , 4.2 , -   
05,Spandau,05200527,Maulbeerallee, 4 946 , 99.0 , -   , 210 , 4.2 , -   , 4 955 , 99.1 , 0.1 , 450 , 9.0 , 4.8 
05,Spandau,05200528,Weinmeisterhornweg, 3 581 , 95.8 , -   , 26 , 0.7 , -   , 3 581 , 95.8 , -   , 26 , 0.7 , -   
05,Spandau,05200629,Borkumer Straße, 4 522 , 95.9 , -   , 465 , 9.9 , -   , 4 570 , 96.9 , 1.0 , 1 580 , 33.5 , 23.6 
05,Spandau,05200630,Wilhelmstadt West, 5 719 , 98.0 , -   , 344 , 5.9 , -   , 5 807 , 99.5 , 1.5 , 3 639 , 62.4 , 56.5 
05,Spandau,05200631,Wilhelmstadt Ost, 4 829 , 96.7 , -   , 122 , 2.4 , -   , 4 987 , 99.9 , 3.2 , 3 058 , 61.2 , 58.8 
05,Spandau,05200632,Tiefwerder, 1 797 , 97.9 , -   , 78 , 4.2 , -   , 1 797 , 97.9 , -   , 78 , 4.2 , -   
05,Spandau,05200633,Graetschelsteig, 1 069 , 99.3 , -   , 117 , 10.9 , -   , 1 069 , 99.3 , -   , 117 , 10.9 , -   
05,Spandau,05200634,Börnicker Straße, 2 108 , 75.5 , -   , -   , -   , -   , 2 108 , 75.5 , -   , -   , -   , -   
05,Spandau,05300735,Haveleck, 1 167 , 79.8 , -   , 673 , 46.0 , -   , 1 174 , 80.3 , 0.5 , 747 , 51.1 , 5.1 
05,Spandau,05300736,Zitadellenweg, 1 561 , 96.1 , -   , 118 , 7.3 , -   , 1 573 , 96.9 , 0.8 , 142 , 8.7 , 1.4 
05,Spandau,05300737,Gartenfelder Straße, 6 503 , 99.6 , -   , 902 , 13.8 , -   , 6 503 , 99.6 , -   , 902 , 13.8 , -   
05,Spandau,05300838,Gartenfeld, 153 , 98.7 , -   , 30 , 19.4 , -   , 153 , 98.7 , -   , 30 , 19.4 , -   
05,Spandau,05300839,Rohrdamm, 3 566 , 99.9 , -   , 3 563 , 99.9 , -   , 3 566 , 99.9 , -   , 3 563 , 99.9 , -   
05,Spandau,05300840,Nonnendammallee, 350 , 50.5 , -   , 337 , 48.6 , -   , 350 , 50.5 , -   , 337 , 48.6 , -   
05,Spandau,05300841,Siemensdamm, 2 559 , 100.0 , -   , 2 559 , 100.0 , -   , 2 559 , 100.0 , -   , 2 559 , 100.0 , -   
05,Spandau,05400942,Alt-Gatow, 1 716 , 86.0 , -   , 47 , 2.4 , -   , 1 716 , 86.0 , -   , 47 , 2.4 , -   
05,Spandau,05400943,Jägerallee, 4 524 , 92.3 , -   , 368 , 7.5 , -   , 4 524 , 92.3 , -   , 368 , 7.5 , -   
05,Spandau,05400944,Kladower Damm, 1 085 , 90.9 , -   , -   , -   , -   , 1 085 , 90.9 , -   , -   , -   , -   
05,Spandau,05400945,Kafkastraße, 1 795 , 96.9 , -   , 73 , 3.9 , -   , 1 795 , 96.9 , -   , 73 , 3.9 , -   
06,Steglitz-Zehlendorf,06100101,Fichtenberg, 4 233 , 99.1 , -   , 146 , 3.4 , -   , 4 233 , 99.1 , -   , 146 , 3.4 , -   
06,Steglitz-Zehlendorf,06100102,Schloßstraße, 5 494 , 97.9 , -   , 740 , 13.2 , -   , 5 494 , 97.9 , -   , 740 , 13.2 , -   
06,Steglitz-Zehlendorf,06100103,Markelstraße, 3 923 , 99.4 , -   , 1 054 , 26.7 , -   , 3 947 , 100.0 , 0.6 , 3 813 , 96.6 , 69.9 
06,Steglitz-Zehlendorf,06100204,Munsterdamm, 3 890 , 97.6 , -   , 134 , 3.4 , -   , 3 890 , 97.6 , -   , 134 , 3.4 , -   
06,Steglitz-Zehlendorf,06100205,Südende, 5 373 , 97.7 , -   , 168 , 3.1 , -   , 5 373 , 97.7 , -   , 168 , 3.1 , -   
06,Steglitz-Zehlendorf,06100206,Stadtpark, 4 516 , 99.1 , -   , 127 , 2.8 , -   , 4 516 , 99.1 , -   , 127 , 2.8 , -   
06,Steglitz-Zehlendorf,06100207,Mittelstraße, 4 775 , 99.2 , -   , 325 , 6.7 , -   , 4 775 , 99.2 , -   , 325 , 6.7 , -   
06,Steglitz-Zehlendorf,06100208,Bergstraße, 4 023 , 98.3 , -   , 294 , 7.2 , -   , 4 023 , 98.3 , -   , 294 , 7.2 , -   
06,Steglitz-Zehlendorf,06100209,Feuerbachstraße, 5 368 , 99.1 , -   , 632 , 11.7 , -   , 5 374 , 99.2 , 0.1 , 1 862 , 34.4 , 22.7 
06,Steglitz-Zehlendorf,06100210,Bismarckstraße, 2 807 , 100.0 , -   , 181 , 6.4 , -   , 2 807 , 100.0 , -   , 181 , 6.4 , -   
06,Steglitz-Zehlendorf,06200311,Alt-Lankwitz, 2 756 , 98.1 , -   , 224 , 8.0 , -   , 2 756 , 98.1 , -   , 224 , 8.0 , -   
06,Steglitz-Zehlendorf,06200312,Komponistenviertel Lankwitz, 3 255 , 96.0 , -   , 317 , 9.3 , -   , 3 255 , 96.0 , -   , 317 , 9.3 , -   
06,Steglitz-Zehlendorf,06200313,Lankwitz Kirche, 4 287 , 95.9 , -   , 563 , 12.6 , -   , 4 287 , 95.9 , -   , 563 , 12.6 , -   
06,Steglitz-Zehlendorf,06200314,Kaiser-Wilhelm-Straße, 4 340 , 99.2 , -   , 100 , 2.3 , -   , 4 340 , 99.2 , -   , 100 , 2.3 , -   
06,Steglitz-Zehlendorf,06200315,Gallwitzallee, 3 486 , 94.4 , -   , 444 , 12.0 , -   , 3 486 , 94.4 , -   , 444 , 12.0 , -   
06,Steglitz-Zehlendorf,06200316,Belßstraße, 3 035 , 98.7 , -   , 743 , 24.2 , -   , 3 035 , 98.7 , -   , 743 , 24.2 , -   
06,Steglitz-Zehlendorf,06200317,Lankwitz Süd, 3 345 , 98.3 , -   , 41 , 1.2 , -   , 3 345 , 98.3 , -   , 41 , 1.2 , -   
06,Steglitz-Zehlendorf,06200418,Landweg, -   , -   , -   , -   , -   , -   , -   , -   , -   , -   , -   , -   
06,Steglitz-Zehlendorf,06200419,Thermometersiedlung, 2 298 , 96.6 , -   , 136 , 5.7 , -   , 2 298 , 96.6 , -   , 136 , 5.7 , -   
06,Steglitz-Zehlendorf,06200420,Lichterfelde Süd, 3 605 , 96.1 , -   , 1 647 , 43.9 , -   , 3 605 , 96.1 , -   , 1 647 , 43.9 , -   
06,Steglitz-Zehlendorf,06200421,Königsberger Straße, 4 879 , 96.6 , -   , 3 239 , 64.2 , -   , 4 879 , 96.6 , -   , 3 239 , 64.2 , -   
06,Steglitz-Zehlendorf,06200422,Oberhofer Platz, 3 959 , 98.4 , -   , 91 , 2.3 , -   , 3 959 , 98.4 , -   , 91 , 2.3 , -   
06,Steglitz-Zehlendorf,06200423,Schütte-Lanz-Straße, 4 032 , 94.2 , -   , 226 , 5.3 , -   , 4 032 , 94.2 , -   , 226 , 5.3 , -   
06,Steglitz-Zehlendorf,06300524,Berlepschstraße, 2 905 , 96.9 , -   , 428 , 14.3 , -   , 2 905 , 96.9 , -   , 428 , 14.3 , -   
06,Steglitz-Zehlendorf,06300525,Zehlendorf Süd, 3 254 , 97.9 , -   , 818 , 24.6 , -   , 3 254 , 97.9 , -   , 818 , 24.6 , -   
06,Steglitz-Zehlendorf,06300526,Zehlendorf Mitte, 2 783 , 99.0 , -   , 43 , 1.5 , -   , 2 783 , 99.0 , -   , 43 , 1.5 , -   
06,Steglitz-Zehlendorf,06300527,Sundgauer Straße, 4 521 , 97.4 , -   , 62 , 1.3 , -   , 4 521 , 97.4 , -   , 62 , 1.3 , -   
06,Steglitz-Zehlendorf,06300528,Teltower Damm, 5 548 , 87.6 , -   , 281 , 4.4 , -   , 5 548 , 87.6 , -   , 281 , 4.4 , -   
06,Steglitz-Zehlendorf,06300629,Botanischer Garten, 4 103 , 96.6 , -   , 336 , 7.9 , -   , 4 103 , 96.6 , -   , 336 , 7.9 , -   
06,Steglitz-Zehlendorf,06300630,Hindenburgdamm, 2 879 , 98.2 , -   , 194 , 6.6 , -   , 2 879 , 98.2 , -   , 194 , 6.6 , -   
06,Steglitz-Zehlendorf,06300631,Goerzwerke, 1 974 , 97.4 , -   , 1 216 , 60.0 , -   , 1 974 , 97.4 , -   , 1 216 , 60.0 , -   
06,Steglitz-Zehlendorf,06300632,Schweizer Viertel, 6 385 , 96.0 , -   , 1 333 , 20.0 , -   , 6 385 , 96.0 , -   , 1 333 , 20.0 , -   
06,Steglitz-Zehlendorf,06300633,Augustaplatz, 7 016 , 98.1 , -   , 422 , 5.9 , -   , 7 016 , 98.1 , -   , 422 , 5.9 , -   
06,Steglitz-Zehlendorf,06300634,Lichterfelde West, 4 726 , 100.0 , -   , 4 726 , 100.0 , -   , 4 726 , 100.0 , -   , 4 726 , 100.0 , -   
06,Steglitz-Zehlendorf,06400735,Wannsee, 5 475 , 94.8 , -   , 30 , 0.5 , -   , 5 475 , 94.8 , -   , 30 , 0.5 , -   
06,Steglitz-Zehlendorf,06400736,Düppel, 2 369 , 96.3 , -   , 28 , 1.1 , -   , 2 369 , 96.3 , -   , 28 , 1.1 , -   
06,Steglitz-Zehlendorf,06400737,Nikolassee, 6 493 , 97.9 , -   , 262 , 4.0 , -   , 6 493 , 97.9 , -   , 262 , 4.0 , -   
06,Steglitz-Zehlendorf,06400838,Krumme Lanke, 4 436 , 98.2 , -   , 12 , 0.3 , -   , 4 471 , 99.0 , 0.8 , 2 231 , 49.4 , 49.1 
06,Steglitz-Zehlendorf,06400839,Fischerhüttenstraße, 3 092 , 97.2 , -   , 18 , 0.6 , -   , 3 159 , 99.3 , 2.1 , 2 629 , 82.7 , 82.1 
06,Steglitz-Zehlendorf,06400840,Fischtal, 4 099 , 99.7 , -   , 24 , 0.6 , -   , 4 110 , 100.0 , 0.3 , 4 109 , 100.0 , 99.4 
06,Steglitz-Zehlendorf,06400841,Zehlendorf Eiche, 3 710 , 97.8 , -   , 106 , 2.8 , -   , 3 713 , 97.8 , -   , 1 588 , 41.8 , 39.0 
06,Steglitz-Zehlendorf,06400842,Hüttenweg, 2 162 , 98.0 , -   , 79 , 3.6 , -   , 2 199 , 99.6 , 1.6 , 2 198 , 99.6 , 96.0 
06,Steglitz-Zehlendorf,06400843,Thielallee, 2 565 , 95.2 , -   , 63 , 2.3 , -   , 2 565 , 95.2 , -   , 63 , 2.3 , -   
06,Steglitz-Zehlendorf,06400844,Dahlem, 3 883 , 97.1 , -   , 2 487 , 62.2 , -   , 3 883 , 97.1 , -   , 2 487 , 62.2 , -   
07,Tempelhof-Schöneberg,07100101,Wittenbergplatz, 7 197 , 99.6 , -   , 2 215 , 30.6 , -   , 7 197 , 99.6 , -   , 2 215 , 30.6 , -   
07,Tempelhof-Schöneberg,07100102,Kalckreuthstraße, 5 648 , 99.4 , -   , 1 885 , 33.2 , -   , 5 648 , 99.4 , -   , 1 885 , 33.2 , -   
07,Tempelhof-Schöneberg,07100103,Frobenstraße, 4 107 , 99.4 , -   , 1 400 , 33.9 , -   , 4 107 , 99.4 , -   , 1 400 , 33.9 , -   
07,Tempelhof-Schöneberg,07100204,Barbarossaplatz, 6 258 , 98.2 , -   , 1 436 , 22.5 , -   , 6 258 , 98.2 , -   , 1 436 , 22.5 , -   
07,Tempelhof-Schöneberg,07100205,Alvenslebenstraße, 2 962 , 99.8 , -   , 725 , 24.4 , -   , 2 962 , 99.8 , -   , 725 , 24.4 , -   
07,Tempelhof-Schöneberg,07100206,Großgörschenstraße, 4 936 , 98.6 , -   , 394 , 7.9 , -   , 4 936 , 98.6 , -   , 394 , 7.9 , -   
07,Tempelhof-Schöneberg,07200307,Bayerischer Platz, 6 761 , 98.9 , -   , 3 532 , 51.6 , -   , 6 761 , 98.9 , -   , 3 532 , 51.6 , -   
07,Tempelhof-Schöneberg,07200308,Volkspark (Rudolph-Wilde-Park), 6 121 , 100.0 , -   , 6 121 , 100.0 , -   , 6 121 , 100.0 , -   , 6 121 , 100.0 , -   
07,Tempelhof-Schöneberg,07200409,Belziger Straße, 6 609 , 100.0 , -   , 6 609 , 100.0 , -   , 6 609 , 100.0 , -   , 6 609 , 100.0 , -   
07,Tempelhof-Schöneberg,07200410,Feurigstraße, 3 447 , 100.0 , -   , 3 446 , 100.0 , -   , 3 447 , 100.0 , -   , 3 446 , 100.0 , -   
07,Tempelhof-Schöneberg,07200411,Julius-Leber-Brücke, 1 644 , 99.5 , -   , 215 , 13.0 , -   , 1 644 , 99.5 , -   , 215 , 13.0 , -   
07,Tempelhof-Schöneberg,07200412,Schöneberger Linse, 338 , 28.7 , -   , 136 , 11.6 , -   , 338 , 28.7 , -   , 136 , 11.6 , -   
07,Tempelhof-Schöneberg,07200413,Cheruskerstraße, 5 079 , 99.8 , -   , 5 077 , 99.8 , -   , 5 079 , 99.8 , -   , 5 077 , 99.8 , -   
07,Tempelhof-Schöneberg,07200414,Hohenfriedbergstraße, 2 171 , 91.2 , -   , 320 , 13.4 , -   , 2 171 , 91.2 , -   , 320 , 13.4 , -   
07,Tempelhof-Schöneberg,07300515,Taunusstraße, 4 150 , 100.0 , -   , 4 150 , 100.0 , -   , 4 150 , 100.0 , -   , 4 150 , 100.0 , -   
07,Tempelhof-Schöneberg,07300516,Odenwaldstraße, 5 159 , 100.0 , -   , 5 159 , 100.0 , -   , 5 159 , 100.0 , -   , 5 159 , 100.0 , -   
07,Tempelhof-Schöneberg,07300517,Perelsplatz, 4 983 , 100.0 , -   , 4 983 , 100.0 , -   , 4 983 , 100.0 , -   , 4 983 , 100.0 , -   
07,Tempelhof-Schöneberg,07300618,Ceciliengärten, 5 199 , 98.1 , -   , 837 , 15.8 , -   , 5 298 , 100.0 , 1.9 , 5 298 , 100.0 , 84.2 
07,Tempelhof-Schöneberg,07300619,Grazer Platz, 6 281 , 99.3 , -   , 524 , 8.3 , -   , 6 311 , 99.7 , 0.4 , 6 269 , 99.1 , 90.8 
07,Tempelhof-Schöneberg,07400720,Gontermannstraße, 6 728 , 100.0 , -   , 6 728 , 100.0 , -   , 6 728 , 100.0 , -   , 6 728 , 100.0 , -   
07,Tempelhof-Schöneberg,07400721,Paradestraße, 2 293 , 93.1 , -   , 2 131 , 86.5 , -   , 2 293 , 93.1 , -   , 2 131 , 86.5 , -   
07,Tempelhof-Schöneberg,07400822,Lindenhofsiedlung, 1 711 , 94.0 , -   , 305 , 16.7 , -   , 1 711 , 94.0 , -   , 305 , 16.7 , -   
07,Tempelhof-Schöneberg,07400823,Wittekindstraße, 5 673 , 98.9 , -   , 556 , 9.7 , -   , 5 673 , 98.9 , -   , 556 , 9.7 , -   
07,Tempelhof-Schöneberg,07400824,Bosepark, 3 801 , 96.4 , -   , 258 , 6.5 , -   , 3 801 , 96.4 , -   , 258 , 6.5 , -   
07,Tempelhof-Schöneberg,07400825,Friedrich-Karl-Straße, 4 285 , 99.3 , -   , 390 , 9.0 , -   , 4 285 , 99.3 , -   , 390 , 9.0 , -   
07,Tempelhof-Schöneberg,07400826,Marienhöhe, 2 863 , 93.2 , -   , 305 , 9.9 , -   , 2 863 , 93.2 , -   , 305 , 9.9 , -   
07,Tempelhof-Schöneberg,07400927,Rathaus Tempelhof, 6 677 , 95.3 , -   , 1 201 , 17.1 , -   , 6 677 , 95.3 , -   , 1 201 , 17.1 , -   
07,Tempelhof-Schöneberg,07400928,Germaniagarten, 2 252 , 94.8 , -   , 1 030 , 43.4 , -   , 2 252 , 94.8 , -   , 1 030 , 43.4 , -   
07,Tempelhof-Schöneberg,07501029,Ringstraße, 4 563 , 99.2 , -   , 1 386 , 30.1 , -   , 4 563 , 99.2 , -   , 1 386 , 30.1 , -   
07,Tempelhof-Schöneberg,07501030,Machonstraße, 4 919 , 95.6 , -   , 434 , 8.4 , -   , 4 919 , 95.6 , -   , 434 , 8.4 , -   
07,Tempelhof-Schöneberg,07501031,Eisenacher Straße, 5 496 , 99.6 , -   , 1 018 , 18.4 , -   , 5 496 , 99.6 , -   , 1 018 , 18.4 , -   
07,Tempelhof-Schöneberg,07501032,Imbrosweg, 3 009 , 99.2 , -   , 46 , 1.5 , -   , 3 009 , 99.2 , -   , 46 , 1.5 , -   
07,Tempelhof-Schöneberg,07501133,Fritz-Werner-Straße, 4 282 , 87.2 , -   , 577 , 11.7 , -   , 4 282 , 87.2 , -   , 577 , 11.7 , -   
07,Tempelhof-Schöneberg,07501134,Hundsteinweg, 4 971 , 93.4 , -   , 430 , 8.1 , -   , 4 971 , 93.4 , -   , 430 , 8.1 , -   
07,Tempelhof-Schöneberg,07501135,Birnhornweg, 978 , 88.4 , -   , 15 , 1.4 , -   , 978 , 88.4 , -   , 15 , 1.4 , -   
07,Tempelhof-Schöneberg,07601236,Marienfelder Allee Nordwest, 4 621 , 91.7 , -   , 142 , 2.8 , -   , 4 621 , 91.7 , -   , 142 , 2.8 , -   
07,Tempelhof-Schöneberg,07601237,Kirchstraße, 2 428 , 94.5 , -   , 29 , 1.1 , -   , 2 428 , 94.5 , -   , 29 , 1.1 , -   
07,Tempelhof-Schöneberg,07601238,Marienfelde Nordost, 787 , 50.3 , -   , 50 , 3.2 , -   , 787 , 50.3 , -   , 50 , 3.2 , -   
07,Tempelhof-Schöneberg,07601339,Tirschenreuther Ring West, 2 733 , 99.5 , -   , -   , -   , -   , 2 733 , 99.5 , -   , -   , -   , -   
07,Tempelhof-Schöneberg,07601340,Tirschenreuther Ring Ost, 3 095 , 97.0 , -   , 134 , 4.2 , -   , 3 095 , 97.0 , -   , 134 , 4.2 , -   
07,Tempelhof-Schöneberg,07601341,Diedersdorfer Weg, 1 319 , 88.5 , -   , 84 , 5.6 , -   , 1 319 , 88.5 , -   , 84 , 5.6 , -   
07,Tempelhof-Schöneberg,07601442,Kettinger Straße, 5 326 , 95.7 , -   , 57 , 1.0 , -   , 5 326 , 95.7 , -   , 57 , 1.0 , -   
07,Tempelhof-Schöneberg,07601443,Töpchiner Weg, 5 164 , 93.7 , -   , 440 , 8.0 , -   , 5 164 , 93.7 , -   , 440 , 8.0 , -   
07,Tempelhof-Schöneberg,07601544,John-Locke-Straße, 4 579 , 98.4 , -   , 566 , 12.2 , -   , 4 579 , 98.4 , -   , 566 , 12.2 , -   
07,Tempelhof-Schöneberg,07601545,Nahariyastraße, 3 849 , 97.5 , -   , 169 , 4.3 , -   , 3 849 , 97.5 , -   , 169 , 4.3 , -   
07,Tempelhof-Schöneberg,07601546,Franziusweg, 3 452 , 98.3 , -   , -   , -   , -   , 3 452 , 98.3 , -   , -   , -   , -   
07,Tempelhof-Schöneberg,07601547,Horstwalder Straße, 1 851 , 98.3 , -   , 13 , 0.7 , -   , 1 851 , 98.3 , -   , 13 , 0.7 , -   
07,Tempelhof-Schöneberg,07601548,Wittelsbacherstraße, 1 454 , 97.3 , -   , -   , -   , -   , 1 454 , 97.3 , -   , -   , -   , -   
08,Neukölln,08100101,Hasenheide, 3 015 , 99.6 , -   , 692 , 22.9 , -   , 3 015 , 99.6 , -   , 692 , 22.9 , -   
08,Neukölln,08100102,Schillerpromenade Nord, 4 910 , 95.8 , -   , 1 493 , 29.1 , -   , 4 910 , 95.8 , -   , 1 493 , 29.1 , -   
08,Neukölln,08100103,Schillerpromenade Süd, 4 607 , 100.0 , -   , 1 063 , 23.1 , -   , 4 607 , 100.0 , -   , 1 063 , 23.1 , -   
08,Neukölln,08100104,Wartheplatz, 3 552 , 98.0 , -   , 728 , 20.1 , -   , 3 626 , 100.0 , 2.0 , 3 626 , 100.0 , 79.9 
08,Neukölln,08100105,Silbersteinstraße, 2 467 , 90.9 , -   , 494 , 18.2 , -   , 2 467 , 90.9 , -   , 494 , 18.2 , -   
08,Neukölln,08100206,Flughafenstraße, 5 682 , 99.6 , -   , 1 655 , 29.0 , -   , 5 682 , 99.6 , -   , 1 655 , 29.0 , -   
08,Neukölln,08100207,Rollberg, 3 612 , 98.5 , -   , 575 , 15.7 , -   , 3 612 , 98.5 , -   , 575 , 15.7 , -   
08,Neukölln,08100208,Körnerpark, 6 787 , 98.5 , -   , 2 048 , 29.7 , -   , 6 887 , 99.9 , 1.4 , 6 753 , 98.0 , 68.3 
08,Neukölln,08100209,Glasower Straße, 4 465 , 97.6 , -   , 1 814 , 39.6 , -   , 4 465 , 97.6 , -   , 1 814 , 39.6 , -   
08,Neukölln,08100310,Maybachufer, 4 745 , 98.8 , -   , 1 119 , 23.3 , -   , 4 745 , 98.8 , -   , 1 119 , 23.3 , -   
08,Neukölln,08100311,Reuterplatz, 4 771 , 98.4 , -   , 1 108 , 22.9 , -   , 4 771 , 98.4 , -   , 1 108 , 22.9 , -   
08,Neukölln,08100312,Weichselplatz, 6 996 , 99.8 , -   , 4 761 , 67.9 , -   , 6 996 , 99.8 , -   , 4 761 , 67.9 , -   
08,Neukölln,08100313,Bouchéstraße, 2 267 , 100.0 , -   , 2 005 , 88.4 , -   , 2 267 , 100.0 , -   , 2 005 , 88.4 , -   
08,Neukölln,08100314,Donaustraße, 4 779 , 99.2 , -   , 749 , 15.6 , -   , 4 779 , 99.2 , -   , 749 , 15.6 , -   
08,Neukölln,08100415,Ganghoferstraße, 3 849 , 98.9 , -   , 961 , 24.7 , -   , 3 892 , 100.0 , 1.1 , 3 892 , 100.0 , 75.3 
08,Neukölln,08100416,Alt-Rixdorf, 3 823 , 98.3 , -   , 484 , 12.4 , -   , 3 891 , 100.0 , 1.7 , 3 891 , 100.0 , 87.6 
08,Neukölln,08100417,Braunschweiger Straße, 5 283 , 99.4 , -   , 290 , 5.5 , -   , 5 316 , 100.0 , 0.6 , 5 316 , 100.0 , 94.5 
08,Neukölln,08100418,Hertzbergplatz, 5 469 , 100.0 , -   , 5 469 , 100.0 , -   , 5 469 , 100.0 , -   , 5 469 , 100.0 , -   
08,Neukölln,08100419,Treptower Straße Nord, 3 563 , 99.6 , -   , 2 780 , 77.7 , -   , 3 563 , 99.6 , -   , 2 780 , 77.7 , -   
08,Neukölln,08100520,Weiße Siedlung, 2 290 , 97.0 , -   , 374 , 15.8 , -   , 2 290 , 97.0 , -   , 374 , 15.8 , -   
08,Neukölln,08100521,Schulenburgpark, 4 634 , 99.5 , -   , 478 , 10.3 , -   , 4 634 , 99.5 , -   , 478 , 10.3 , -   
08,Neukölln,08200622,Jahnstraße, 2 051 , 77.6 , -   , 676 , 25.6 , -   , 2 051 , 77.6 , -   , 676 , 25.6 , -   
08,Neukölln,08200623,Park am Buschkrug, 3 006 , 96.6 , -   , 87 , 2.8 , -   , 3 006 , 96.6 , -   , 87 , 2.8 , -   
08,Neukölln,08200624,Tempelhofer Weg, 4 846 , 98.5 , -   , 960 , 19.5 , -   , 4 846 , 98.5 , -   , 960 , 19.5 , -   
08,Neukölln,08200725,Mohriner Allee Nord, 1 036 , 91.6 , -   , 11 , 1.0 , -   , 1 036 , 91.6 , -   , 11 , 1.0 , -   
08,Neukölln,08200726,Hufeisensiedlung, 3 329 , 99.7 , -   , 113 , 3.4 , -   , 3 329 , 99.7 , -   , 113 , 3.4 , -   
08,Neukölln,08200727,Parchimer Allee Süd, 4 706 , 99.5 , -   , 2 806 , 59.3 , -   , 4 706 , 99.5 , -   , 2 806 , 59.3 , -   
08,Neukölln,08200728,Ortolanweg, 540 , 92.0 , -   , 2 , 0.3 , -   , 540 , 92.0 , -   , 2 , 0.3 , -   
08,Neukölln,08200729,Britzer Garten, 796 , 84.5 , -   , 37 , 3.9 , -   , 796 , 84.5 , -   , 37 , 3.9 , -   
08,Neukölln,08200730,Handwerker-Siedlung, 1 860 , 100.0 , -   , 1 860 , 100.0 , -   , 1 860 , 100.0 , -   , 1 860 , 100.0 , -   
08,Neukölln,08200831,Buckow West, 4 461 , 99.5 , -   , 587 , 13.1 , -   , 4 461 , 99.5 , -   , 587 , 13.1 , -   
08,Neukölln,08200832,Buckow Mitte, 5 677 , 95.3 , -   , 426 , 7.2 , -   , 5 677 , 95.3 , -   , 426 , 7.2 , -   
08,Neukölln,08200833,Buckow Ost, 3 846 , 93.0 , -   , 277 , 6.7 , -   , 3 846 , 93.0 , -   , 277 , 6.7 , -   
08,Neukölln,08300934,Gropiusstadt Nord-West, 6 260 , 100.0 , -   , 6 260 , 100.0 , -   , 6 260 , 100.0 , -   , 6 260 , 100.0 , -   
08,Neukölln,08300935,Gropiusstadt Süd-West, 3 894 , 97.3 , -   , 3 884 , 97.0 , -   , 3 894 , 97.3 , -   , 3 884 , 97.0 , -   
08,Neukölln,08301036,Gropiusstadt Mitte, 3 580 , 99.9 , -   , 3 412 , 95.2 , -   , 3 580 , 99.9 , -   , 3 412 , 95.2 , -   
08,Neukölln,08301037,Gropiusstadt Süd-Ost, 5 259 , 100.0 , -   , 2 744 , 52.2 , -   , 5 259 , 100.0 , -   , 2 744 , 52.2 , -   
08,Neukölln,08401138,Goldhähnchenweg, 1 487 , 99.6 , -   , 476 , 31.9 , -   , 1 487 , 99.6 , -   , 476 , 31.9 , -   
08,Neukölln,08401139,Vogelviertel Süd, 2 181 , 99.6 , -   , 2 180 , 99.6 , -   , 2 181 , 99.6 , -   , 2 180 , 99.6 , -   
08,Neukölln,08401140,Vogelviertel Nord, 1 238 , 94.4 , -   , 7 , 0.5 , -   , 1 238 , 94.4 , -   , 7 , 0.5 , -   
08,Neukölln,08401241,Blumenviertel, 3 798 , 97.0 , -   , 4 , 0.1 , -   , 3 798 , 97.0 , -   , 4 , 0.1 , -   
08,Neukölln,08401242,Zittauer Straße, 3 096 , 97.9 , -   , -   , -   , -   , 3 096 , 97.9 , -   , -   , -   , -   
08,Neukölln,08401243,Alt-Rudow, 4 864 , 90.7 , -   , 101 , 1.9 , -   , 4 864 , 90.7 , -   , 101 , 1.9 , -   
08,Neukölln,08401244,Waßmannsdorfer Chaussee, 3 148 , 93.2 , -   , 73 , 2.2 , -   , 3 148 , 93.2 , -   , 73 , 2.2 , -   
08,Neukölln,08401245,Frauenviertel, 1 951 , 99.6 , -   , 93 , 4.7 , -   , 1 951 , 99.6 , -   , 93 , 4.7 , -   
08,Neukölln,08401246,Waltersdorfer Chaussee Ost, 3 343 , 97.3 , -   , -   , -   , -   , 3 343 , 97.3 , -   , -   , -   , -   
09,Treptow-Köpenick,09100101,Alt-Treptow, 7 711 , 97.6 , -   , 1 256 , 15.9 , -   , 7 711 , 97.6 , -   , 1 256 , 15.9 , -   
09,Treptow-Köpenick,09100202,Plänterwald West, 2 326 , 98.0 , -   , 88 , 3.7 , -   , 2 326 , 98.0 , -   , 88 , 3.7 , -   
09,Treptow-Köpenick,09100203,Plänterwald Ost, 4 477 , 99.1 , -   , -   , -   , -   , 4 477 , 99.1 , -   , -   , -   , -   
09,Treptow-Köpenick,09100304,Baumschulenweg West, 6 788 , 95.1 , -   , 22 , 0.3 , -   , 6 788 , 95.1 , -   , 22 , 0.3 , -   
09,Treptow-Köpenick,09100305,Baumschulenweg Ost, 2 467 , 97.2 , -   , 130 , 5.1 , -   , 2 467 , 97.2 , -   , 130 , 5.1 , -   
09,Treptow-Köpenick,09100306,Späthsfelde, 256 , 22.2 , -   , -   , -   , -   , 256 , 22.2 , -   , -   , -   , -   
09,Treptow-Köpenick,09100407,Johannisthal West, 4 799 , 96.5 , -   , 154 , 3.1 , -   , 4 799 , 96.5 , -   , 154 , 3.1 , -   
09,Treptow-Köpenick,09100408,Johannisthal Ost, 4 913 , 99.2 , -   , 292 , 5.9 , -   , 4 913 , 99.2 , -   , 292 , 5.9 , -   
09,Treptow-Köpenick,09100409,Landschaftspark Adlershof, 1 461 , 71.2 , -   , 801 , 39.0 , -   , 1 474 , 71.8 , 0.6 , 815 , 39.7 , 0.7 
09,Treptow-Köpenick,09200510,Helmholtz-Kiez, 3 869 , 90.6 , -   , 273 , 6.4 , -   , 3 869 , 90.6 , -   , 273 , 6.4 , -   
09,Treptow-Köpenick,09200511,Griechischer Park, 7 128 , 93.0 , -   , 356 , 4.6 , -   , 7 128 , 93.0 , -   , 356 , 4.6 , -   
09,Treptow-Köpenick,09200512,Wuhlheide, 2 077 , 90.0 , -   , 503 , 21.8 , -   , 2 077 , 90.0 , -   , 503 , 21.8 , -   
09,Treptow-Köpenick,09200613,Bahnhof Schöneweide, 5 523 , 90.7 , -   , 1 052 , 17.3 , -   , 6 090 , 100.0 , 9.3 , 6 090 , 100.0 , 82.7 
09,Treptow-Köpenick,09200614,Oberspree, 1 768 , 96.7 , -   , 181 , 9.9 , -   , 1 827 , 99.9 , 3.2 , 1 827 , 99.9 , 90.0 
09,Treptow-Köpenick,09200715,Wista, 1 889 , 68.9 , -   , 815 , 29.7 , -   , 1 889 , 68.9 , -   , 815 , 29.7 , -   
09,Treptow-Köpenick,09200716,Dörpfeldstraße West, 4 301 , 95.6 , -   , 593 , 13.2 , -   , 4 303 , 95.7 , 0.1 , 595 , 13.2 , -   
09,Treptow-Köpenick,09200717,Dörpfeldstraße Ost, 5 119 , 87.4 , -   , 1 010 , 17.2 , -   , 5 119 , 87.4 , -   , 1 010 , 17.2 , -   
09,Treptow-Köpenick,09200818,Spindlersfeld, 2 358 , 96.5 , -   , 759 , 31.1 , -   , 2 358 , 96.5 , -   , 759 , 31.1 , -   
09,Treptow-Köpenick,09200819,Köllnische Vorstadt, 4 191 , 90.9 , -   , 114 , 2.5 , -   , 4 494 , 97.4 , 6.5 , 4 054 , 87.9 , 85.4 
09,Treptow-Köpenick,09300920,Dorf Altglienicke, 4 673 , 77.1 , -   , 761 , 12.6 , -   , 4 673 , 77.1 , -   , 761 , 12.6 , -   
09,Treptow-Köpenick,09300921,Preußen Siedlung, 1 139 , 86.5 , -   , 53 , 4.0 , -   , 1 139 , 86.5 , -   , 53 , 4.0 , -   
09,Treptow-Köpenick,09300922,Kosmos Viertel, 3 006 , 99.5 , -   , 255 , 8.4 , -   , 3 006 , 99.5 , -   , 255 , 8.4 , -   
09,Treptow-Köpenick,09300923,Kölner Viertel, 3 425 , 94.2 , -   , 33 , 0.9 , -   , 3 425 , 94.2 , -   , 33 , 0.9 , -   
09,Treptow-Köpenick,09301024,Falkenberg, 1 131 , 83.6 , -   , 217 , 16.0 , -   , 1 131 , 83.6 , -   , 217 , 16.0 , -   
09,Treptow-Köpenick,09301025,Alt-Bohnsdorf, 4 250 , 75.8 , -   , 314 , 5.6 , -   , 4 250 , 75.8 , -   , 314 , 5.6 , -   
09,Treptow-Köpenick,09301126,Grünau, 4 114 , 93.0 , -   , 298 , 6.7 , -   , 4 396 , 99.3 , 6.3 , 4 361 , 98.6 , 91.9 
09,Treptow-Köpenick,09301227,Karolinenhof, 900 , 87.0 , -   , 4 , 0.4 , -   , 900 , 87.0 , -   , 4 , 0.4 , -   
09,Treptow-Köpenick,09301228,Schmöckwitz/Rauchfangswerder, 1 157 , 79.1 , -   , 438 , 29.9 , -   , 1 188 , 81.2 , 2.1 , 570 , 39.0 , 9.1 
09,Treptow-Köpenick,09401329,Kietzer Feld/Nachtheide, 5 289 , 88.6 , -   , 1 373 , 23.0 , -   , 5 289 , 88.6 , -   , 1 373 , 23.0 , -   
09,Treptow-Köpenick,09401330,Wendenschloß, 863 , 84.9 , -   , -   , -   , -   , 863 , 84.9 , -   , -   , -   , -   
09,Treptow-Köpenick,09401431,Allende I, 3 038 , 97.9 , -   , 2 985 , 96.2 , -   , 3 038 , 97.9 , -   , 2 985 , 96.2 , -   
09,Treptow-Köpenick,09401432,Siedlung Kämmereiheide, 780 , 99.9 , -   , 779 , 99.7 , -   , 780 , 99.9 , -   , 779 , 99.7 , -   
09,Treptow-Köpenick,09401433,Allende II, 2 452 , 99.8 , -   , 2 451 , 99.8 , -   , 2 452 , 99.8 , -   , 2 451 , 99.8 , -   
09,Treptow-Köpenick,09401534,Altstadt Köpenick, 4 026 , 97.1 , -   , 1 080 , 26.0 , -   , 4 026 , 97.1 , -   , 1 080 , 26.0 , -   
09,Treptow-Köpenick,09401635,Müggelheim, 2 280 , 64.6 , -   , 6 , 0.2 , -   , 2 280 , 64.6 , -   , 6 , 0.2 , -   
09,Treptow-Köpenick,09501736,Hirschgarten, 2 316 , 91.4 , -   , 159 , 6.3 , -   , 2 323 , 91.7 , 0.3 , 241 , 9.5 , 3.2 
09,Treptow-Köpenick,09501737,Alt-Friedrichshagen, 8 317 , 95.5 , -   , 34 , 0.4 , -   , 8 564 , 98.3 , 2.8 , 5 298 , 60.8 , 60.4 
09,Treptow-Köpenick,09501838,Rahnsdorf, 4 247 , 75.1 , -   , 314 , 5.6 , -   , 4 247 , 75.1 , -   , 314 , 5.6 , -   
09,Treptow-Köpenick,09501939,Bahnhofstraße, 3 586 , 94.3 , -   , 289 , 7.6 , -   , 3 742 , 98.4 , 4.1 , 2 703 , 71.1 , 63.5 
09,Treptow-Köpenick,09501940,Güterbahnhof Köpenick, 1 603 , 96.8 , -   , 92 , 5.6 , -   , 1 656 , 100.0 , 3.2 , 1 656 , 100.0 , 94.4 
09,Treptow-Köpenick,09501941,Friedrichshagener Straße, 1 598 , 94.6 , -   , 41 , 2.4 , -   , 1 669 , 98.8 , 4.2 , 1 576 , 93.3 , 90.9 
09,Treptow-Köpenick,09502042,Mittelheide, 2 301 , 98.2 , -   , -   , -   , -   , 2 340 , 99.9 , 1.7 , 2 340 , 99.9 , 99.9 
09,Treptow-Köpenick,09502043,Dammheide, 4 892 , 87.8 , -   , 4 , 0.1 , -   , 5 206 , 93.4 , 5.6 , 3 162 , 56.7 , 56.6 
10,Marzahn-Hellersdorf,10100101,Marzahn West, 2 888 , 98.4 , -   , 55 , 1.9 , -   , 2 888 , 98.4 , -   , 55 , 1.9 , -   
10,Marzahn-Hellersdorf,10100102,Rosenbecker Straße, 1 850 , 99.4 , -   , 175 , 9.4 , -   , 1 850 , 99.4 , -   , 175 , 9.4 , -   
10,Marzahn-Hellersdorf,10100103,Wittenberger Straße, 3 717 , 97.0 , -   , 243 , 6.3 , -   , 3 717 , 97.0 , -   , 243 , 6.3 , -   
10,Marzahn-Hellersdorf,10100104,Golliner Straße, 3 611 , 99.3 , -   , -   , -   , -   , 3 630 , 99.9 , 0.6 , 2 839 , 78.1 , 78.1 
10,Marzahn-Hellersdorf,10100205,Gewerbegebiet Bitterfelder Straße, 244 , 32.2 , -   , 244 , 32.2 , -   , 244 , 32.2 , -   , 244 , 32.2 , -   
10,Marzahn-Hellersdorf,10100206,Wuhletalstraße, 5 558 , 100.0 , -   , 5 558 , 100.0 , -   , 5 558 , 100.0 , -   , 5 558 , 100.0 , -   
10,Marzahn-Hellersdorf,10100207,Ahrensfelder Berge, 4 443 , 99.6 , -   , 396 , 8.9 , -   , 4 443 , 99.6 , -   , 396 , 8.9 , -   
10,Marzahn-Hellersdorf,10100208,Bürgerpark, 5 636 , 99.9 , -   , 4 582 , 81.2 , -   , 5 636 , 99.9 , -   , 4 582 , 81.2 , -   
10,Marzahn-Hellersdorf,10100209,Lea-Grundig-Straße, 3 940 , 100.0 , -   , 3 939 , 100.0 , -   , 3 940 , 100.0 , -   , 3 939 , 100.0 , -   
10,Marzahn-Hellersdorf,10100210,Marzahner Promenade, 5 775 , 99.8 , -   , 4 277 , 73.9 , -   , 5 775 , 99.8 , -   , 4 277 , 73.9 , -   
10,Marzahn-Hellersdorf,10100311,Marzahner Chaussee, 1 735 , 88.7 , -   , 965 , 49.4 , -   , 1 928 , 98.6 , 9.9 , 1 928 , 98.6 , 49.2 
10,Marzahn-Hellersdorf,10100312,Springpfuhl, 8 100 , 98.7 , -   , 658 , 8.0 , -   , 8 186 , 99.8 , 1.1 , 6 746 , 82.2 , 74.2 
10,Marzahn-Hellersdorf,10100313,Alt-Marzahn, 2 475 , 94.9 , -   , 141 , 5.4 , -   , 2 602 , 99.8 , 4.9 , 2 456 , 94.2 , 88.8 
10,Marzahn-Hellersdorf,10100314,Auersbergstraße, 3 294 , 98.4 , -   , 220 , 6.6 , -   , 3 305 , 98.7 , 0.3 , 400 , 11.9 , 5.3 
10,Marzahn-Hellersdorf,10100315,Bärenstein, 3 689 , 97.8 , -   , 381 , 10.1 , -   , 3 719 , 98.6 , 0.8 , 498 , 13.2 , 3.1 
10,Marzahn-Hellersdorf,10100316,Landsberger Tor, 1 995 , 95.6 , -   , 19 , 0.9 , -   , 1 995 , 95.6 , -   , 19 , 0.9 , -   
10,Marzahn-Hellersdorf,10200417,Zossener Straße, 1 684 , 50.4 , -   , 207 , 6.2 , -   , 1 684 , 50.4 , -   , 207 , 6.2 , -   
10,Marzahn-Hellersdorf,10200418,Kyritzer Straße, 3 327 , 96.3 , -   , 953 , 27.6 , -   , 3 327 , 96.3 , -   , 953 , 27.6 , -   
10,Marzahn-Hellersdorf,10200419,Havelländer Ring, 2 051 , 99.3 , -   , 254 , 12.3 , -   , 2 051 , 99.3 , -   , 254 , 12.3 , -   
10,Marzahn-Hellersdorf,10200420,Gut Hellersdorf, 3 754 , 98.6 , -   , 1 563 , 41.1 , -   , 3 754 , 98.6 , -   , 1 563 , 41.1 , -   
10,Marzahn-Hellersdorf,10200421,Helle Mitte, 1 025 , 96.3 , -   , 53 , 5.0 , -   , 1 025 , 96.3 , -   , 53 , 5.0 , -   
10,Marzahn-Hellersdorf,10200422,Hellersdorfer Promenade, 3 077 , 94.9 , -   , 549 , 16.9 , -   , 3 077 , 94.9 , -   , 549 , 16.9 , -   
10,Marzahn-Hellersdorf,10200423,Böhlener Straße, 1 041 , 36.0 , -   , 159 , 5.5 , -   , 1 041 , 36.0 , -   , 159 , 5.5 , -   
10,Marzahn-Hellersdorf,10200524,Adele-Sandrock-Straße, 5 472 , 98.7 , -   , 592 , 10.7 , -   , 5 472 , 98.7 , -   , 592 , 10.7 , -   
10,Marzahn-Hellersdorf,10200525,Schleipfuhl, 2 409 , 96.8 , -   , 27 , 1.1 , -   , 2 409 , 96.8 , -   , 27 , 1.1 , -   
10,Marzahn-Hellersdorf,10200526,Boulevard Kastanienallee, 2 674 , 97.3 , -   , 95 , 3.5 , -   , 2 674 , 97.3 , -   , 95 , 3.5 , -   
10,Marzahn-Hellersdorf,10200627,Am Kienberg, 1 998 , 99.7 , -   , 56 , 2.8 , -   , 1 998 , 99.7 , -   , 56 , 2.8 , -   
10,Marzahn-Hellersdorf,10200628,Neue Grottkauer Straße, 3 065 , 99.3 , -   , -   , -   , -   , 3 065 , 99.3 , -   , -   , -   , -   
10,Marzahn-Hellersdorf,10200629,Teterower Ring, 5 097 , 97.2 , -   , 610 , 11.6 , -   , 5 097 , 97.2 , -   , 610 , 11.6 , -   
10,Marzahn-Hellersdorf,10200630,Cecilienplatz, 3 587 , 98.6 , -   , 118 , 3.2 , -   , 3 587 , 98.6 , -   , 303 , 8.3 , 5.1 
10,Marzahn-Hellersdorf,10300731,Oberfeldstraße, 4 173 , 94.6 , -   , 602 , 13.6 , -   , 4 411 , 100.0 , 5.4 , 4 410 , 99.9 , 86.3 
10,Marzahn-Hellersdorf,10300732,Buckower Ring, 3 480 , 89.6 , -   , 447 , 11.5 , -   , 3 565 , 91.8 , 2.2 , 957 , 24.6 , 13.1 
10,Marzahn-Hellersdorf,10300733,Alt-Biesdorf, 2 266 , 86.4 , -   , 831 , 31.7 , -   , 2 614 , 99.7 , 13.3 , 2 606 , 99.4 , 67.7 
10,Marzahn-Hellersdorf,10300734,Biesdorf Süd, 3 886 , 80.0 , -   , 245 , 5.0 , -   , 3 886 , 80.0 , -   , 245 , 5.0 , -   
10,Marzahn-Hellersdorf,10400835,Kaulsdorf Nord, 3 509 , 89.2 , -   , -   , -   , -   , 3 863 , 98.2 , 9.0 , 3 843 , 97.7 , 97.7 
10,Marzahn-Hellersdorf,10400836,Alt-Kaulsdorf, 2 120 , 100.0 , -   , 2 107 , 99.4 , -   , 2 120 , 100.0 , -   , 2 120 , 100.0 , 0.6 
10,Marzahn-Hellersdorf,10400837,Kaulsdorf Süd, 3 373 , 86.9 , -   , 27 , 0.7 , -   , 3 373 , 86.9 , -   , 27 , 0.7 , -   
10,Marzahn-Hellersdorf,10400938,Mahlsdorf Nord, 2 690 , 56.3 , -   , 71 , 1.5 , -   , 4 334 , 90.7 , 34.4 , 4 294 , 89.9 , 88.4 
10,Marzahn-Hellersdorf,10400939,Alt-Mahlsdorf, 2 445 , 97.1 , -   , 1 930 , 76.6 , -   , 2 510 , 99.6 , 2.5 , 2 506 , 99.5 , 22.9 
10,Marzahn-Hellersdorf,10400940,Elsensee, 2 626 , 88.6 , -   , -   , -   , -   , 2 781 , 93.8 , 5.2 , 980 , 33.1 , 33.1 
10,Marzahn-Hellersdorf,10400941,Pilgramer Straße, 4 129 , 87.0 , -   , 106 , 2.2 , -   , 4 413 , 92.9 , 5.9 , 1 630 , 34.3 , 32.1 
11,Lichtenberg,11100101,Dörfer Malchow-Wartenberg, 400 , 24.5 , -   , 1 , 0.1 , -   , 400 , 24.5 , -   , 1 , 0.1 , -   
11,Lichtenberg,11100102,Dorf Falkenberg, 761 , 65.9 , -   , 503 , 43.5 , -   , 761 , 65.9 , -   , 503 , 43.5 , -   
11,Lichtenberg,11100203,Falkenberg Ost, 4 244 , 98.6 , -   , 49 , 1.1 , -   , 4 244 , 98.6 , -   , 49 , 1.1 , -   
11,Lichtenberg,11100204,Falkenberg West, 3 540 , 99.0 , -   , 163 , 4.6 , -   , 3 540 , 99.0 , -   , 163 , 4.6 , -   
11,Lichtenberg,11100205,Wartenberg Süd, 3 231 , 98.8 , -   , 148 , 4.5 , -   , 3 231 , 98.8 , -   , 148 , 4.5 , -   
11,Lichtenberg,11100206,Wartenberg Nord, 3 487 , 92.1 , -   , 42 , 1.1 , -   , 3 487 , 92.1 , -   , 42 , 1.1 , -   
11,Lichtenberg,11100307,Zingster Straße Ost, 6 153 , 98.3 , -   , 2 840 , 45.4 , -   , 6 153 , 98.3 , -   , 2 840 , 45.4 , -   
11,Lichtenberg,11100308,Zingster Straße West, 4 940 , 98.0 , -   , 182 , 3.6 , -   , 4 940 , 98.0 , -   , 182 , 3.6 , -   
11,Lichtenberg,11100309,Mühlengrund, 3 082 , 97.3 , -   , 2 165 , 68.3 , -   , 3 082 , 97.3 , -   , 2 165 , 68.3 , -   
11,Lichtenberg,11200410,Malchower Weg, 3 871 , 90.3 , -   , 422 , 9.8 , -   , 3 871 , 90.3 , -   , 422 , 9.8 , -   
11,Lichtenberg,11200411,Hauptstraße, 3 460 , 91.4 , -   , 1 606 , 42.4 , -   , 3 579 , 94.5 , 3.1 , 2 738 , 72.3 , 29.9 
11,Lichtenberg,11200512,Orankesee, 1 586 , 88.9 , -   , 19 , 1.1 , -   , 1 720 , 96.4 , 7.5 , 1 707 , 95.7 , 94.6 
11,Lichtenberg,11200513,Große-Leege-Straße, 5 975 , 100.0 , -   , 5 975 , 100.0 , -   , 5 975 , 100.0 , -   , 5 975 , 100.0 , -   
11,Lichtenberg,11200514,Landsberger Allee, 7 987 , 99.2 , -   , 6 695 , 83.1 , -   , 7 987 , 99.2 , -   , 6 695 , 83.1 , -   
11,Lichtenberg,11200515,Weiße Taube, 1 866 , 88.9 , -   , 44 , 2.1 , -   , 1 895 , 90.3 , 1.4 , 218 , 10.4 , 8.3 
11,Lichtenberg,11300616,Hohenschönhausener Straße, 2 791 , 79.4 , -   , 1 , -   , -   , 3 511 , 99.9 , 20.5 , 3 511 , 99.9 , 99.9 
11,Lichtenberg,11300617,Fennpfuhlpark, 2 459 , 98.4 , -   , 143 , 5.7 , -   , 2 499 , 100.0 , 1.6 , 2 499 , 100.0 , 94.3 
11,Lichtenberg,11300618,Storkower Bogen, 2 356 , 96.2 , -   , 605 , 24.7 , -   , 2 450 , 100.0 , 3.8 , 2 450 , 100.0 , 75.3 
11,Lichtenberg,11300619,Rudolf-Seiffert-Park, 4 401 , 85.1 , -   , 1 509 , 29.2 , -   , 5 173 , 100.0 , 14.9 , 5 173 , 100.0 , 70.8 
11,Lichtenberg,11300620,Fennpfuhl Ost, 4 835 , 78.4 , -   , 138 , 2.2 , -   , 6 170 , 100.0 , 21.6 , 6 170 , 100.0 , 97.8 
11,Lichtenberg,11300721,Herzbergstraße, 2 978 , 80.7 , -   , 2 137 , 57.9 , -   , 3 528 , 95.6 , 14.9 , 3 063 , 83.0 , 25.1 
11,Lichtenberg,11300722,Rathaus Lichtenberg, 5 791 , 98.3 , -   , 1 554 , 26.4 , -   , 5 893 , 100.0 , 1.7 , 5 893 , 100.0 , 73.6 
11,Lichtenberg,11300723,Bornitzstraße, 508 , 66.9 , -   , 402 , 53.0 , -   , 759 , 100.0 , 33.1 , 759 , 100.0 , 47.0 
11,Lichtenberg,11300724,Roedeliusplatz, 1 867 , 71.5 , -   , 136 , 5.2 , -   , 2 611 , 100.0 , 28.5 , 2 611 , 100.0 , 94.8 
11,Lichtenberg,11300725,Nibelungenviertel, 5 494 , 95.5 , -   , 1 459 , 25.4 , -   , 5 753 , 100.0 , 4.5 , 5 753 , 100.0 , 74.6 
11,Lichtenberg,11300826,Frankfurter Allee Süd, 2 372 , 38.2 , -   , 2 019 , 32.5 , -   , 6 205 , 99.9 , 61.7 , 6 205 , 99.9 , 67.4 
11,Lichtenberg,11400927,Victoriastadt, 2 009 , 88.8 , -   , 250 , 11.0 , -   , 2 263 , 100.0 , 11.2 , 2 263 , 100.0 , 89.0 
11,Lichtenberg,11400928,Nöldnerplatz, 1 312 , 98.1 , -   , 870 , 65.0 , -   , 1 337 , 99.9 , 1.8 , 1 337 , 99.9 , 34.9 
11,Lichtenberg,11400929,Weitlingkiez, 9 482 , 100.0 , -   , 9 482 , 100.0 , -   , 9 482 , 100.0 , -   , 9 482 , 100.0 , -   
11,Lichtenberg,11400930,Zachertstraße, 2 957 , 100.0 , -   , 2 946 , 99.6 , -   , 2 957 , 100.0 , -   , 2 957 , 100.0 , 0.4 
11,Lichtenberg,11400931,Massower Straße, 3 929 , 100.0 , -   , 3 929 , 100.0 , -   , 3 929 , 100.0 , -   , 3 929 , 100.0 , -   
11,Lichtenberg,11401032,Rosenfelder Ring, 3 617 , 97.4 , -   , 2 134 , 57.5 , -   , 3 714 , 100.0 , 2.6 , 3 714 , 100.0 , 42.5 
11,Lichtenberg,11401033,Gensinger Straße, 2 335 , 65.0 , -   , 16 , 0.4 , -   , 3 590 , 100.0 , 35.0 , 3 590 , 100.0 , 99.6 
11,Lichtenberg,11401034,Tierpark, 1 134 , 60.6 , -   , 112 , 6.0 , -   , 1 871 , 100.0 , 39.4 , 1 871 , 100.0 , 94.0 
11,Lichtenberg,11401135,Dolgenseestraße, 5 887 , 100.0 , -   , 5 887 , 100.0 , -   , 5 887 , 100.0 , -   , 5 887 , 100.0 , -   
11,Lichtenberg,11401136,Volkradstraße, 5 443 , 100.0 , -   , 5 443 , 100.0 , -   , 5 443 , 100.0 , -   , 5 443 , 100.0 , -   
11,Lichtenberg,11401137,Erieseering, 4 775 , 100.0 , -   , 4 775 , 100.0 , -   , 4 775 , 100.0 , -   , 4 775 , 100.0 , -   
11,Lichtenberg,11501238,Rummelsburg, 1 564 , 68.7 , -   , 38 , 1.7 , -   , 2 272 , 99.8 , 31.1 , 2 272 , 99.8 , 98.1 
11,Lichtenberg,11501339,Karlshorst West, 5 874 , 100.0 , -   , 5 873 , 100.0 , -   , 5 874 , 100.0 , -   , 5 873 , 100.0 , -   
11,Lichtenberg,11501340,Karlshorst Nord, 5 641 , 96.7 , -   , 5 424 , 92.9 , -   , 5 641 , 96.7 , -   , 5 424 , 92.9 , -   
11,Lichtenberg,11501341,Karlshorst Süd, 3 485 , 98.9 , -   , 3 302 , 93.7 , -   , 3 516 , 99.8 , 0.9 , 3 465 , 98.4 , 4.7 
12,Reinickendorf,12100101,Letteplatz, 5 489 , 96.9 , -   , 384 , 6.8 , -   , 5 489 , 96.9 , -   , 384 , 6.8 , -   
12,Reinickendorf,12100102,Hausotterplatz, 4 984 , 97.2 , -   , 202 , 3.9 , -   , 4 984 , 97.2 , -   , 202 , 3.9 , -   
12,Reinickendorf,12100103,Breitkopfbecken, 4 711 , 99.7 , -   , 814 , 17.2 , -   , 4 711 , 99.7 , -   , 814 , 17.2 , -   
12,Reinickendorf,12100204,Schäfersee, 5 442 , 99.8 , -   , 5 440 , 99.8 , -   , 5 442 , 99.8 , -   , 5 440 , 99.8 , -   
12,Reinickendorf,12100205,Teichstraße, 7 878 , 99.4 , -   , 6 395 , 80.7 , -   , 7 878 , 99.4 , -   , 6 395 , 80.7 , -   
12,Reinickendorf,12100206,Humboldtstraße, 2 823 , 99.7 , -   , 2 818 , 99.5 , -   , 2 823 , 99.7 , -   , 2 818 , 99.5 , -   
12,Reinickendorf,12200307,Reinickes Hof, 1 615 , 95.9 , -   , 244 , 14.5 , -   , 1 619 , 96.1 , 0.2 , 1 619 , 96.1 , 81.6 
12,Reinickendorf,12200308,Mellerbogen, 2 806 , 92.0 , -   , 36 , 1.2 , -   , 3 049 , 100.0 , 8.0 , 3 047 , 99.9 , 98.7 
12,Reinickendorf,12200309,Scharnweberstraße, 5 595 , 98.9 , -   , 369 , 6.5 , -   , 5 660 , 100.0 , 1.1 , 5 659 , 100.0 , 93.5 
12,Reinickendorf,12200310,Klixstraße, 3 925 , 97.2 , -   , 278 , 6.9 , -   , 4 037 , 100.0 , 2.8 , 4 035 , 99.9 , 93.0 
12,Reinickendorf,12200411,Schumacher-Quartier, 247 , 92.9 , -   , 40 , 15.0 , -   , 266 , 100.0 , 7.1 , 266 , 100.0 , 85.0 
12,Reinickendorf,12200412,Waldidyll/Flughafensee, 3 034 , 93.5 , -   , 512 , 15.8 , -   , 3 034 , 93.5 , -   , 512 , 15.8 , -   
12,Reinickendorf,12200413,Tegel Süd, 4 235 , 98.8 , -   , 177 , 4.1 , -   , 4 235 , 98.8 , -   , 177 , 4.1 , -   
12,Reinickendorf,12200414,TXL, 504 , 75.7 , -   , 69 , 10.4 , -   , 504 , 75.7 , -   , 69 , 10.4 , -   
12,Reinickendorf,12200515,Alt-Tegel, 7 015 , 95.3 , -   , 1 116 , 15.2 , -   , 7 015 , 95.3 , -   , 1 116 , 15.2 , -   
12,Reinickendorf,12400616,Konradshöhe/Tegelort, 3 101 , 97.7 , -   , 8 , 0.3 , -   , 3 101 , 97.7 , -   , 8 , 0.3 , -   
12,Reinickendorf,12400617,Alt-Heiligensee, 3 032 , 91.6 , -   , -   , -   , -   , 3 032 , 91.6 , -   , -   , -   , -   
12,Reinickendorf,12400618,Heiligensee Nord, 1 723 , 94.9 , -   , 27 , 1.5 , -   , 1 723 , 94.9 , -   , 27 , 1.5 , -   
12,Reinickendorf,12400619,Heiligensee, 3 525 , 95.3 , -   , 52 , 1.4 , -   , 3 525 , 95.3 , -   , 52 , 1.4 , -   
12,Reinickendorf,12400720,Frohnau West, 4 468 , 97.2 , -   , 1 , -   , -   , 4 468 , 97.2 , -   , 1 , -   , -   
12,Reinickendorf,12400721,Frohnau Ost, 4 098 , 98.1 , -   , 1 , -   , -   , 4 103 , 98.2 , 0.1 , 16 , 0.4 , 0.4 
12,Reinickendorf,12400722,Hermsdorf West, 4 452 , 97.6 , -   , 91 , 2.0 , -   , 4 452 , 97.6 , -   , 91 , 2.0 , -   
12,Reinickendorf,12400723,Hermsdorf Ost/Waldsee, 4 259 , 97.3 , -   , -   , -   , -   , 4 302 , 98.2 , 0.9 , 1 934 , 44.2 , 44.2 
12,Reinickendorf,12500824,Ziekowstraße/Freie Scholle, 5 683 , 98.9 , -   , 548 , 9.5 , -   , 5 712 , 99.4 , 0.5 , 2 577 , 44.9 , 35.4 
12,Reinickendorf,12500825,Borsigwalde, 4 422 , 97.8 , -   , 898 , 19.9 , -   , 4 513 , 99.8 , 2.0 , 4 456 , 98.5 , 78.6 
12,Reinickendorf,12500926,Wittenau Süd, 2 941 , 95.2 , -   , 4 , 0.1 , -   , 3 090 , 100.0 , 4.8 , 3 090 , 100.0 , 99.9 
12,Reinickendorf,12500927,Wittenau Nord, 3 475 , 96.8 , -   , 113 , 3.1 , -   , 3 588 , 100.0 , 3.2 , 3 562 , 99.2 , 96.1 
12,Reinickendorf,12500928,Waidmannslust, 2 898 , 96.9 , -   , 13 , 0.4 , -   , 2 936 , 98.2 , 1.3 , 1 446 , 48.4 , 48.0 
12,Reinickendorf,12500929,Lübars, 2 159 , 89.0 , -   , -   , -   , -   , 2 248 , 92.7 , 3.7 , 371 , 15.3 , 15.3 
12,Reinickendorf,12500930,Wittenau Mitte, 4 831 , 97.3 , -   , 191 , 3.8 , -   , 4 847 , 97.6 , 0.3 , 3 166 , 63.8 , 60.0 
12,Reinickendorf,12601031,Lübarser Straße, 1 802 , 96.7 , -   , 62 , 3.3 , -   , 1 842 , 98.8 , 2.1 , 1 304 , 70.0 , 66.7 
12,Reinickendorf,12601032,Rollbergesiedlung, 2 502 , 98.0 , -   , 201 , 7.9 , -   , 2 552 , 100.0 , 2.0 , 2 552 , 100.0 , 92.1 
12,Reinickendorf,12601133,Treuenbrietzener Straße, 5 045 , 98.9 , -   , 4 947 , 97.0 , -   , 5 045 , 98.9 , -   , 4 947 , 97.0 , -   
12,Reinickendorf,12601134,Märkisches Zentrum, 7 044 , 98.9 , -   , 5 028 , 70.6 , -   , 7 046 , 98.9 , -   , 5 406 , 75.9 , 5.3 
12,Reinickendorf,12601235,Dannenwalder Weg, 4 270 , 99.7 , -   , 3 200 , 74.7 , -   , 4 272 , 99.7 , -   , 3 914 , 91.4 , 16.7 
12,Reinickendorf,12601236,Schorfheidestraße, 1 334 , 96.8 , -   , 77 , 5.6 , -   , 1 378 , 100.0 , 3.2 , 1 378 , 100.0 , 94.4 
00,Land Berlin,,, 2 067 165 , 95.4 , -   , 741 551 , 34.2 , -   , 2 091 619 , 96.5 , 1.1 , 1 045 196 , 48.2 , 14.0 
